-- phpMyAdmin SQL Dump
-- version 4.9.4
-- https://www.phpmyadmin.net/
--
-- Host: localhost:3306
-- Generation Time: Sep 07, 2020 at 12:35 PM
-- Server version: 5.6.41-84.1
-- PHP Version: 7.3.6

SET SQL_MODE = "NO_AUTO_VALUE_ON_ZERO";
SET AUTOCOMMIT = 0;
START TRANSACTION;
SET time_zone = "+00:00";


/*!40101 SET @OLD_CHARACTER_SET_CLIENT=@@CHARACTER_SET_CLIENT */;
/*!40101 SET @OLD_CHARACTER_SET_RESULTS=@@CHARACTER_SET_RESULTS */;
/*!40101 SET @OLD_COLLATION_CONNECTION=@@COLLATION_CONNECTION */;
/*!40101 SET NAMES utf8mb4 */;

--
-- Database: `anuinmaw_fashion_villa`
--

-- --------------------------------------------------------

--
-- Table structure for table `customers`
--

CREATE TABLE `customers` (
  `customer_id` bigint(20) UNSIGNED NOT NULL,
  `customer_name` varchar(50) COLLATE utf8mb4_unicode_ci NOT NULL,
  `contact_no` varchar(20) COLLATE utf8mb4_unicode_ci NOT NULL,
  `email_id` varchar(50) COLLATE utf8mb4_unicode_ci NOT NULL,
  `package` varchar(50) COLLATE utf8mb4_unicode_ci DEFAULT NULL,
  `created_at` timestamp NULL DEFAULT NULL,
  `updated_at` timestamp NULL DEFAULT NULL
) ENGINE=InnoDB DEFAULT CHARSET=utf8mb4 COLLATE=utf8mb4_unicode_ci;

--
-- Dumping data for table `customers`
--

INSERT INTO `customers` (`customer_id`, `customer_name`, `contact_no`, `email_id`, `package`, `created_at`, `updated_at`) VALUES
(1, 'uhiuhuh', '9875454877', 'uihi@jhj.com', 'uiuiouio', NULL, NULL),
(2, 'gurmet singh', '465464646', 'manjit@gmail.com', 'mkajkhk', NULL, NULL),
(3, 'sarbjit singh', '9023360286', 'jimmy90233@gmail.com', NULL, NULL, NULL),
(4, 'Test', '7894561230', 'test@gmail.com', 'Test', NULL, NULL),
(5, 'harshdeep singh', '9646504845', 'none', NULL, NULL, NULL),
(6, 'balraj singh', '6280357828', 'none', 'hair cut', NULL, NULL),
(7, 'sukhchain sandhu', '7837888985', 'none', 'na', NULL, NULL),
(8, 'simran', '7814830975', 'none', NULL, NULL, NULL),
(9, 'rohit singla', '9530581620', 'na', NULL, NULL, NULL),
(10, 'rohit singla', '9530581620', 'na', NULL, NULL, NULL),
(11, 'rohit singla', '9530581620', 'none', 'na', NULL, NULL),
(12, 'harpreet singh', '8146084927', 'na', NULL, NULL, NULL),
(13, 'heera doraha', '7889051980', 'none', 'na', NULL, NULL),
(14, 'mirjan', '6280100592', 'na', 'na', NULL, NULL),
(15, 'mirjan', '6280100592', 'na', 'na', NULL, NULL),
(16, 'prince', '7973318107', 'none', 'na', NULL, NULL),
(17, 'harshdeep singh', '9464000174', 'none', 'na', NULL, NULL),
(18, 'forgien', '0000000', 'na', 'na', NULL, NULL),
(19, 'karan', '9988697955', 'na', 'na', NULL, NULL),
(20, 'jony', '7696701461', 'none', 'na', NULL, NULL),
(21, 'shivam bali', '7355120152', 'na', 'na', NULL, NULL),
(22, 'rahul jandali', '8968889531', 'na', 'na', NULL, NULL),
(23, 'shivang', '9780441742', 'na', 'na', NULL, NULL),
(24, 'varinder singh', '9914558608', 'na', 'na', NULL, NULL),
(25, 'sukhchain singh', '7719519718', 'na', 'na', NULL, NULL),
(26, 'noni libra', '8146346010', 'na', 'na', NULL, NULL),
(27, 'dimpi', '9023142419', 'none', 'na', NULL, NULL),
(28, 'anmol', '7528082038', 'na', NULL, NULL, NULL),
(29, 'gurpreet singh', '9878927680', 'na', 'na', NULL, NULL),
(30, 'gurpreet 2', '9878927680', 'none', 'na', NULL, NULL),
(31, 'dilpreet kaur', '9663121833', 'na', 'na', NULL, NULL),
(32, 'cheema', '9673200019', 'na', 'na', NULL, NULL),
(33, 'aman jasar', '9041502686', 'na', 'na', NULL, NULL),
(34, 'hardeep singh', '9630000047', 'na', 'na', NULL, NULL),
(35, 'karan', '9592200003', 'na', 'na', NULL, NULL),
(36, 'abhi singh', '9988161410', 'na', 'na', NULL, NULL),
(37, 'gajni', '9780210159', 'na', 'na', NULL, NULL),
(38, 'cid officer facial', '0000000', 'none', 'na', NULL, NULL),
(39, 'chintu', '9988226006', 'na', 'na', NULL, NULL),
(40, 'gurjot singh', '9855156309', 'na', 'na', NULL, NULL),
(41, 'ap', '9219292928', 'na', 'na', NULL, NULL),
(42, 'ap brother', '92192', 'na', 'na', NULL, NULL),
(43, 'ap', '0000000', 'na', 'na', NULL, NULL),
(44, 'ashu', '8054235020', 'none', 'na', NULL, NULL),
(45, 'vikram ldh', '8196000158', 'none', 'na', NULL, NULL),
(46, 'baljeet gill', '9815332505', 'none', 'na', NULL, NULL),
(47, 'robin', '9501121004', 'na', 'na', NULL, NULL),
(48, 'Himanshu', '9988787878', 'none', 'na', NULL, NULL),
(49, 'bhawla sarpanch', '9814940042', 'none', 'na', NULL, NULL),
(50, 'bhawla sarpanch', '9814940042', 'na', 'na', NULL, NULL),
(51, 'sahil seat', '9988424372', 'none', 'na', NULL, NULL),
(52, 'gurwinder singh', '9592829066', 'none', 'na', NULL, NULL),
(53, 'prabhjot kaur', '9815845944', 'na', 'na', NULL, NULL),
(54, 'varun', '9855904000', 'none', 'na', NULL, NULL),
(55, 'harpreet kaur', '8437333184', 'none', 'na', NULL, NULL),
(56, 'kulbeer', '6239373951', 'none', 'na', NULL, NULL),
(57, 'vikas', '7071300300', 'none', 'na', NULL, NULL),
(58, 'anchit', '8837771281', 'na', 'na', NULL, NULL),
(59, 'laddi', '0000000', 'none', 'na', NULL, NULL),
(60, 'kulwinder', '9915419054', 'none', 'na', NULL, NULL),
(61, 'auitej singh', '9915066454', 'none', 'na', NULL, NULL),
(62, 'gagan deep', '7769085023', 'none', 'na', NULL, NULL),
(63, 'harsh mankoo', '9417800031', 'none', NULL, NULL, NULL),
(64, 'gurpreet singh', '9855974014', 'none', 'na', NULL, NULL),
(65, 'unknwn', '0000000', 'none', 'na', NULL, NULL),
(66, 'ashveer', '8288901142', 'na', 'na', NULL, NULL),
(67, 'ekam', '8360052102', 'na', NULL, NULL, NULL),
(68, 'laddi mann', '8847585273', 'na', 'na', NULL, NULL),
(69, 'prince', '9780609313', 'na', 'na', NULL, NULL),
(70, 'amandeep kaur', '9492100084', 'none', 'na', NULL, NULL),
(71, 'gagan deep', '7769085023', 'na', 'na', NULL, NULL),
(72, 'harmanpreet singh', '7009877428', 'none', 'na', NULL, NULL),
(73, 'dhanpreet', '9878994128', 'na', 'na', NULL, NULL),
(74, 'love', '9780211080', 'none', 'na', NULL, NULL),
(75, 'sukhraj', '8437323223', 'na', 'na', NULL, NULL),
(76, 'rishab', '8686666605', 'na', 'na', NULL, NULL),
(77, 'manveer', '7009820491', 'na', 'na', NULL, NULL),
(78, 'butta', '0000000', 'none', 'na', NULL, NULL),
(79, 'param dhilon', '9814640789', 'na', 'na', NULL, NULL),
(80, 'jagveer singh', '9814398638', 'na', 'na', NULL, NULL),
(81, 'ajay', '8054024028', 'na', 'na', NULL, NULL),
(82, 'preet', '8146094787', 'na', 'na', NULL, NULL),
(83, 'pamm', '0000000', 'na', 'na', NULL, NULL),
(84, 'amit mobile', '7696149000', 'none', 'na', NULL, NULL),
(85, 'vicky', '9877811973', 'na', 'na', NULL, NULL),
(86, 'simer', '9872507900', 'none', 'na', NULL, NULL),
(87, 'Mani', '6284522911', 'Na', 'Na', NULL, NULL),
(88, 'Ravi singh', '8012280004', 'Na na', 'Na na', NULL, NULL),
(89, 'Sammy', '9915866425', 'Na', 'Na', NULL, NULL),
(90, 'Sammy', '9915866425', 'Na', 'Na', NULL, NULL),
(91, 'Gagan', '9877769695', 'No', 'Mo', NULL, NULL),
(92, 'shavan', '8196071605', 'none', 'na', NULL, NULL),
(93, 'himanshu', '9877582966', 'none', 'na', NULL, NULL),
(94, 'navneet singh', '7740061893', 'none', 'na', NULL, NULL),
(95, 'Divanshu', '9115681801', 'No', 'No', NULL, NULL),
(96, 'Divanshu', '9115681801', 'No', 'No', NULL, NULL),
(97, 'Divyanshu', '9837670077', 'No', 'No', NULL, NULL),
(98, 'sahil', '9877939260', 'none', 'na', NULL, NULL),
(99, 'sandeep', '9803319702', 'none', 'na', NULL, NULL),
(100, 'rahul', '8054628627', 'na', 'na', NULL, NULL),
(101, 'channi veera', '9779800004', 'na', NULL, NULL, NULL),
(102, 'bhawla sarpanch', '0000000', 'none', 'na', NULL, NULL),
(103, 'mani salana', '9780914306', 'na', 'na', NULL, NULL),
(104, 'sonu', '9803475111', 'na', NULL, NULL, NULL),
(105, 'parwinder singh', '7009123363', 'na', 'na', NULL, NULL),
(106, 'gurwinder singh', '9878347189', 'na', 'na', NULL, NULL),
(107, 'ramanpreet kaur', '9855161872', 'na', 'na', NULL, NULL),
(108, 'manjit', '7814855733', 'na', 'na', NULL, NULL),
(109, 'arun yogi', '9914330444', 'none', 'na', NULL, NULL),
(110, 'tattoo', '0000000', 'none', 'na', NULL, NULL),
(111, 'sanchit', '8847652552', 'none', 'na', NULL, NULL),
(112, 'sanchit', '8847652552', 'none', 'na', NULL, NULL),
(113, 'jassi', '7625946955', 'none', 'na', NULL, NULL),
(114, 'aryan', '7707875869', 'none', 'na', NULL, NULL),
(115, 'harry', '9417875475', 'none', 'na', NULL, NULL),
(116, 'rajnish', '8872511711', 'none', 'na', NULL, NULL),
(117, 'shubham', '6283389340', 'none', 'na', NULL, NULL),
(118, 'gulzar', '0000000', 'none', 'na', NULL, NULL),
(119, 'gulzar', '0000000', 'none', 'na', NULL, NULL),
(120, 'gurwinder', '9988101467', 'none', 'na', NULL, NULL),
(121, 'rajvir', '6280505133', 'none', 'na', NULL, NULL),
(122, 'ajay', '9988508478', 'none', 'na', NULL, NULL),
(123, 'gagan bhullar', '8199990008', 'none', 'na', NULL, NULL),
(124, 'jagraj', '9592200602', 'none', 'na', NULL, NULL),
(125, 'aman preet', '9814740063', 'none', 'na', NULL, NULL),
(126, 'kamal sidhu', '9646426820', 'none', NULL, NULL, NULL),
(127, 'hardeep singh', '9520606081', 'none', 'na', NULL, NULL),
(128, 'amritpal singh', '7301000808', 'none', 'na', NULL, NULL),
(129, 'Parteek', '8847627188', 'No', 'No', NULL, NULL),
(130, 'rajdeep singh chomo', '9501415921', 'none', 'na', NULL, NULL),
(131, 'rajdeep singh chomo', '9501415921', 'none', 'na', NULL, NULL),
(132, 'dharampreet singh', '7087675635', 'none', 'na', NULL, NULL),
(133, 'jasvir', '7837251257', 'none', 'na', NULL, NULL),
(134, 'gurwinder', '9877348271', 'none', 'na', NULL, NULL),
(135, 'sony', '8528576079', 'none', 'na', NULL, NULL),
(136, 'lovepreet', '8437195899', 'na', 'na', NULL, NULL),
(137, 'lovepreet', '8437195899', 'none', 'na', NULL, NULL),
(138, 'sarpanch', '9876764068', 'none', 'na', NULL, NULL),
(139, 'salana', '9878159100', 'na', NULL, NULL, NULL),
(140, 'salana', '0000000', 'none', 'na', NULL, NULL),
(141, 'harsh', '8146751391', 'na', 'na', NULL, NULL),
(142, 'priya sharma', '7973664303', 'na', 'na', NULL, NULL),
(143, 'traunam', '8566955600', 'na', 'na', NULL, NULL),
(144, 'kiran', '9781940927', 'na', 'na', NULL, NULL),
(145, 'yash', '8728975541', 'na', 'na', NULL, NULL),
(146, 'navdeep singh', '7009929411', 'none', 'na', NULL, NULL),
(147, 'karan virk', '7589147017', 'none', 'na', NULL, NULL),
(148, 'karan', '7009571347', 'none', 'na', NULL, NULL),
(149, 'prince', '9888445573', 'none', 'na', NULL, NULL),
(150, 'arsh', '9517423305', 'none', 'na', NULL, NULL),
(151, 'bhavit', '9041306000', 'none', 'na', NULL, NULL),
(152, 'Gupta', '0000000', 'None', 'No', NULL, NULL),
(153, 'Gupta 2', '00000', 'No', 'No', NULL, NULL),
(154, 'Gaurav', '9780210788', 'No', 'No', NULL, NULL),
(155, 'Akash', '9302820009', 'No', NULL, NULL, NULL),
(156, 'Gurpreet', '000000', 'No', 'No', NULL, NULL),
(157, 'Jashanpreet', '9501986291', 'No', 'No', NULL, NULL),
(158, 'Sachdev', '9855485949', 'Na', 'Na', NULL, NULL),
(159, 'jagga', '7355636691', 'none', 'na', NULL, NULL),
(160, 'Piyush', '9988332080', 'No', 'No', NULL, NULL),
(161, 'No', 'No', 'No', NULL, NULL, NULL),
(162, 'No', '00000', 'No', 'No', NULL, NULL),
(163, 'bhavit', '9041306000', 'none', 'na', NULL, NULL),
(164, 'sumit', '9780630209', 'none', 'na', NULL, NULL),
(165, 'sumit', '9780630209', 'none', 'na', NULL, NULL),
(166, 'sumit', '9780630209', 'none', 'na', NULL, NULL),
(167, 'aman', '8847762188', 'none', 'na', NULL, NULL),
(168, 'arsh', '9872458610', 'none', 'na', NULL, NULL),
(169, 'gursewak', '8264723997', 'na', 'na', NULL, NULL),
(170, 'yogesh', '6239427359', 'na', 'na', NULL, NULL),
(171, 'sukhchain sandhu', '7837888985', 'none', 'na', NULL, NULL),
(172, 'bajwa', '0000000', 'none', NULL, NULL, NULL),
(173, 'money', '7901930819', 'na', NULL, NULL, NULL),
(174, 'test', '0000000', 'none', NULL, NULL, NULL),
(175, 'arshpreet singh', '8968689887', 'na', 'na', NULL, NULL),
(176, 'amandeep singh', '7087916606', 'na', 'na', NULL, NULL),
(177, 'chandan', '8847561747', 'none', 'na', NULL, NULL),
(178, 'deepak', '8847561747', 'none', 'na', NULL, NULL),
(179, 'inderdeep', '9700011013', 'na', 'na', NULL, NULL),
(180, 'sonu', '9815149971', 'na', 'na', NULL, NULL),
(181, 'pardeep sekhon', '9592511931', 'none', 'na', NULL, NULL),
(182, 'raman', '97779117914', 'na', 'na', NULL, NULL),
(183, 'babbu', '6283232019', 'na', 'na', NULL, NULL),
(184, 'sehajdeep singh', '9878222274', 'none', 'na', NULL, NULL),
(185, 'huny', '8751000044', 'na', 'na', NULL, NULL),
(186, 'tilak', '0000000', 'none', 'na', NULL, NULL),
(187, 'rahul', '8285380006', 'none', 'na', NULL, NULL),
(188, 'aman', '8528166146', 'none', 'na', NULL, NULL),
(189, 'prince', '9915582442', 'none', 'na', NULL, NULL),
(190, 'unkwn', '0000000', 'none', 'na', NULL, NULL),
(191, 'Rahul', '8437490911', 'No', NULL, NULL, NULL),
(192, 'Sanveer', '8146497197', 'No', 'No', NULL, NULL),
(193, 'Raninder', '9988342283', 'No', 'No', NULL, NULL),
(194, 'Aniket', '9915950633', 'No', 'No', NULL, NULL),
(195, 'Unknwn', '00000', 'No', 'No', NULL, NULL),
(196, 'Pushi', '000000', 'No', 'No', NULL, NULL),
(197, 'Navjot', '9877579573', 'No', 'No', NULL, NULL),
(198, 'Mehak', '9878186327', 'No', 'No', NULL, NULL),
(199, 'Priyanka', '6284953277', 'No', 'No', NULL, NULL),
(200, 'raj', '8968584220', 'none', 'na', NULL, NULL),
(201, 'mani', '8837828037', 'na', 'na', NULL, NULL),
(202, 'saru', '0000000', 'none', 'na', NULL, NULL),
(203, 'sam', '0000000', 'none', 'na', NULL, NULL),
(204, 'harsimran', '8566070006', 'none', 'na', NULL, NULL),
(205, 'harsimran', '8566070006', 'none', 'na', NULL, NULL),
(206, 'deep shergill', '6280229529', 'none', 'na', NULL, NULL),
(207, 'rishab', '9910513252', 'none', 'na', NULL, NULL),
(208, 'cheema', '9673200019', 'none', 'na', NULL, NULL),
(209, 'anmol', '9877686044', 'none', 'na', NULL, NULL),
(210, 'anmol', '9877686044', 'none', 'na', NULL, NULL),
(211, 'anmol', '9877686044', 'none', 'na', NULL, NULL),
(212, 'anmol', '9877686044', 'none', 'na', NULL, NULL),
(213, 'anmol', '9877686044', 'none', 'na', NULL, NULL),
(214, 'anmol', '9877686044', 'none', 'na', NULL, NULL),
(215, 'pushi', '9090000015', 'none', 'na', NULL, NULL),
(216, 'manveer singh', '8306060002', 'none', 'na', NULL, NULL),
(217, 'sahil', '9870632448', 'none', 'na', NULL, NULL),
(218, 'test', '8437874844', 'na', 'na', NULL, NULL),
(219, 'xyz', '0000', 'gggg', 'gg', NULL, NULL),
(220, 'kulwinder Singh', '7837587909', 'none', 'na', NULL, NULL),
(221, 'kulwinder Singh', '7837587909', 'none', 'na', NULL, NULL),
(222, 'kulwinder Singh', '7837587907', 'none', 'na', NULL, NULL),
(223, 'kulwinder Singh', '7837587907', 'none', NULL, NULL, NULL),
(224, 'Lovepreet Singh', '8427811732', 'none', 'na', NULL, NULL),
(225, 'Suraj Patel', '9877887355', 'none', 'na', NULL, NULL),
(226, 'Raman Brother', '9855905265', 'none', 'na', NULL, NULL),
(227, 'Raman', '9855905265', 'none', 'na', NULL, NULL),
(228, 'manik', '8360776610', 'none', 'na', NULL, NULL),
(229, 'Gurpal Kaur', '9464371881', 'none', 'na', NULL, NULL),
(230, 'Sukhman Singh', '9877707717', 'none', 'na', NULL, NULL),
(231, 'Sukhman Singh', '9877707717', 'none', 'na', NULL, NULL),
(232, 'Sukhman Singh', '9877707717', 'none', NULL, NULL, NULL),
(233, 'Vikas', '9682384240', 'none', 'na', NULL, NULL),
(234, 'Shivam Bedi', '7677600009', 'none', 'na', NULL, NULL),
(235, 'deep', '9988807676', 'none', 'na', NULL, NULL),
(236, 'lalli veera', '9878700027', 'none', 'na', NULL, NULL),
(237, 'test', '0000000', 'na', 'na', NULL, NULL),
(238, 'kamaljeet', '0000000', 'na', 'na', NULL, NULL),
(239, 'shivam bali', '7355120152', 'na', 'na', NULL, NULL),
(240, 'bhawla sarpanch', '0000000', 'none', NULL, NULL, NULL),
(241, 'ssss', '0000000', 'none', NULL, NULL, NULL),
(242, 'mirjaan', '6280100592', 'none', 'na', NULL, NULL),
(243, 'Gurjit Singh', '7889066976', 'none', 'none', NULL, NULL),
(244, 'Kulwinder Singh', '9780001415', 'none', 'none', NULL, NULL),
(245, 'Vicky', '9988104810', 'none', 'none', NULL, NULL),
(246, 'Harjit Kaur', '7837684770', 'none', 'none', NULL, NULL),
(247, 'shubham', '9780000172', 'none', NULL, NULL, NULL),
(248, 'aditya', '798053270', 'none', 'na', NULL, NULL),
(249, 'naveen', '9780600571', 'none', 'na', NULL, NULL),
(250, 'Sahil', '9914605407', 'No', 'No', NULL, NULL),
(251, 'Dhruv', '9877933785', 'No', 'No', NULL, NULL),
(252, 'Test', '000', 'No', 'No', NULL, NULL),
(253, 'No', '0000', 'No', 'No', NULL, NULL),
(254, 'Varun', '7888457583', 'No', 'No', NULL, NULL),
(255, 'Dhruv', '9877933785', 'No', 'No', NULL, NULL),
(256, 'Hitash', '72220000592', 'No', 'No', NULL, NULL),
(257, 'Aman', '9041502688', 'No', 'No', NULL, NULL),
(258, 'Gurdeep', '9814541819', 'No', 'No', NULL, NULL),
(259, 'Bhangu', '9501298776', 'No', 'No', NULL, NULL),
(260, 'Bharti global', '9988800451', 'No', 'No', NULL, NULL),
(261, 'Raman', '9815400348', 'No', 'No', NULL, NULL),
(262, 'Paras', '8360637132', 'No', 'No', NULL, NULL),
(263, 'Pampi', 'Boprai', 'No', 'No', NULL, NULL),
(264, 'aheema', '8978942231', 'none', 'na', NULL, NULL),
(265, 'aheema', '8978942231', 'none', 'na', NULL, NULL),
(266, 'RUBAL', '9872554841', 'none', 'na', NULL, NULL),
(267, 'shanu', '9988621144', 'none', 'na', NULL, NULL),
(268, 'Charanpreet', '8427083838', 'No', 'No', NULL, NULL),
(269, 'Gurtej Singh', '9877373659', 'No', 'No', NULL, NULL),
(270, 'Sahil', '0000', 'No', 'No', NULL, NULL),
(271, 'Sahil kumar', '000000', 'No', 'No', NULL, NULL),
(272, 'Jatin', '8837609765', 'No', 'No', NULL, NULL),
(273, 'Robin verma', '+91 98783 68300', 'No', 'No', NULL, NULL),
(274, 'Jatin friend', '000000', '200', 'No', NULL, NULL),
(275, 'Ankur', '9501234164', 'No', 'No', NULL, NULL),
(276, 'Harveer singh', '9915425500', 'No', 'No', NULL, NULL),
(277, 'Pargat Singh', '9417962457', 'No', 'No', NULL, NULL),
(278, 'Ammy Mann', '8264537371', 'No', 'No', NULL, NULL),
(279, 'Pawan', '9781755096', 'No', 'No', NULL, NULL),
(280, 'Demo', '0000', 'No', 'No', NULL, NULL),
(281, 'Arshdeep Singh', '9517423305', 'No', 'No', NULL, NULL),
(282, 'Navneet Singh', '7740061893', 'No', 'No', NULL, NULL),
(283, 'Jagga', '7837648654', 'No', 'No', NULL, NULL),
(284, 'Arshdeep Singh', '9517423305', 'No', 'No', NULL, NULL),
(285, 'Nittu', '000000', 'No', 'No', NULL, NULL),
(286, 'Kulbir Gill', '7719743332', 'No', 'No', NULL, NULL),
(287, 'Jasman Singh', '8739000200', 'No', 'No', NULL, NULL),
(288, 'Guri', '000', 'No', 'No', NULL, NULL),
(289, 'Amrit', '0000', 'No', 'No', NULL, NULL),
(290, 'amritpal singh', '0000000', 'none', 'na', NULL, NULL),
(291, 'test', '0000000', 'na', 'na', NULL, NULL),
(292, 'tattoo', '0000000', 'none', 'na', NULL, NULL),
(293, 'Harsh', '000', 'No', 'No', NULL, NULL),
(294, 'Hitesh', '7220000592', 'No', 'No', NULL, NULL),
(295, 'Jas Han Singh', '9463838989', 'No', 'No', NULL, NULL),
(296, 'Harpreet kaur', '9877598275', 'No', 'No', NULL, NULL),
(297, 'Ramandeep Singh', '6239178651', 'No', 'No', NULL, NULL),
(298, 'Ranjodh singh', '98149000834', 'No', 'No', NULL, NULL),
(299, 'Ashish', '7814871970', 'No', 'No', NULL, NULL),
(300, 'Manjot Singh', '6239383228', 'No', 'No', NULL, NULL),
(301, 'Manjot’s friend', '0000', 'No', 'No', NULL, NULL),
(302, 'Amrit', '9877441090', 'No', 'No', NULL, NULL),
(303, 'Test', '0000', 'No', 'No', NULL, NULL),
(304, 'Test', '0000', 'No', 'No', NULL, NULL),
(305, 'Manjot Singh', '8427440895', 'No', 'No', NULL, NULL),
(306, 'Dilpreet Singh', '7814489140', 'No', 'No', NULL, NULL),
(307, 'Harsh Singh', '0000', 'No', 'No', NULL, NULL),
(308, 'Tajveer Singh', '7009833962', 'No', 'No', NULL, NULL),
(309, 'Raman', '0000', 'No', 'No', NULL, NULL),
(310, 'Amrinder', '8968602200', 'No', 'No', NULL, NULL),
(311, 'Ricky', '9988320811', 'No', 'No', NULL, NULL),
(312, 'Gagan', '7889138371', 'No', 'No', NULL, NULL),
(313, 'Jassu', '9914348511', 'No', 'No', NULL, NULL),
(314, 'Amrinder Singh', '0000', 'No', 'No', NULL, NULL),
(315, 'Alaap sikander', '00000', 'No', 'No', NULL, NULL),
(316, 'Sahil', '7528888891', 'No', NULL, NULL, NULL),
(317, 'Tiwana', '0000', 'No', 'No', NULL, NULL),
(318, 'Friend', '00000', 'No', 'No', NULL, NULL),
(319, 'Friend', '000', 'No', 'No', NULL, NULL),
(320, 'Manik', '00000', 'No', 'No', NULL, NULL),
(321, 'Goldy', '987646203', 'No', 'No', NULL, NULL),
(322, 'jagjeet Singh', '0000000', 'none', 'na', NULL, NULL),
(323, 'Gora', '0000000', 'none', 'na', NULL, NULL),
(324, 'dinesh', '0000000', 'none', 'na', NULL, NULL),
(325, 'Vishal', '0000000', 'none', 'na', NULL, NULL),
(326, 'Jogga Singh', '9914261032', 'none', 'na', NULL, NULL),
(327, 'Lalli Veera', '0000000', 'none', 'na', NULL, NULL),
(328, 'Lovepreet Singh', '6280342507', 'none', 'na', NULL, NULL),
(329, 'Badinpur', '0000000', 'none', 'na', NULL, NULL),
(330, 'Lavish', '9877720629', 'none', 'na', NULL, NULL),
(331, 'kkk', '0000000', 'none', 'na', NULL, NULL),
(332, 'Aryan', '7837561182', 'na', 'na', NULL, NULL),
(333, 'Billi', '0000000', 'none', 'na', NULL, NULL),
(334, 'Rashid', '9682500266', 'none', 'na', NULL, NULL),
(335, 'jaswinder Singh', '7986883774', 'none', 'na', NULL, NULL),
(336, 'drayer', '0000000', 'none', 'na', NULL, NULL),
(337, 'anmol', '0000000', 'none', 'na', NULL, NULL),
(338, 'Binder', '7986573628', 'none', 'na', NULL, NULL),
(339, 'altaf', '6006050737', 'none', NULL, NULL, NULL),
(340, 'Sukhwinder Singh', '8427360311', 'none', 'na', NULL, NULL),
(341, 'guri', '8195803243', 'none', 'na', NULL, NULL),
(342, 'manisha', '7973928002', 'na', 'na', NULL, NULL),
(343, 'akanksha', '9255900321', 'none', 'na', NULL, NULL),
(344, 'Reet kaur', '7719409091', 'none', 'na', NULL, NULL),
(345, 'Pawan', '9781755096', 'none', 'na', NULL, NULL),
(346, 'canada', '0000000', 'none', 'na', NULL, NULL),
(347, 'Rahul', '8437490911', 'No', 'No', NULL, NULL),
(348, 'Chak Shu', '9888170570', 'No', 'No', NULL, NULL),
(349, 'Davinder Singh', '7508103101', 'No', 'No', NULL, NULL),
(350, 'Rhythm sharma', '7009637091', 'No', 'No', NULL, NULL),
(351, 'Sahil', '7528888891', 'No', 'No', NULL, NULL),
(352, 'Jashana', '9463838989', 'No', 'No', NULL, NULL),
(353, 'Kulbeer Singh', '7986800081', 'No', 'No', NULL, NULL),
(354, 'Demo', '0000', 'No', 'No', NULL, NULL),
(355, 'Navneet', '7814684407', 'No', 'No', NULL, NULL),
(356, 'Jass Singh', '9914398311', 'No', 'No', NULL, NULL),
(357, 'Dem', '0000', 'No', 'No', NULL, NULL),
(358, 'Dem', '000', 'No', 'No', NULL, NULL),
(359, 'Harjot', '9501797082', 'No', 'No', NULL, NULL),
(360, 'Gaurav', '9780210988', 'No', 'No', NULL, NULL),
(361, 'Akash', '93028200009', 'No', 'No', NULL, NULL),
(362, 'Amrit Singh', '8360785650', 'No', 'No', NULL, NULL),
(363, 'Harman', '9464531131', 'Ni', 'No', NULL, NULL),
(364, 'Har Mandeep Singh', '9530560090', 'No', 'No', NULL, NULL),
(365, 'Sam bro', '7330200003', 'No', NULL, NULL, NULL),
(366, 'Inderpreet Singh', '7620000097', 'none', 'na', NULL, NULL),
(367, 'Manpreet Shergill', '0000000', 'none', 'na', NULL, NULL),
(368, 'Harjot Singh', '8528591990', 'none', 'na', NULL, NULL),
(369, 'Harjot Singh', '8528591990', 'none', 'na', NULL, NULL),
(370, 'amandeep singh', '7087916606', 'none', NULL, NULL, NULL),
(371, 'amandeep singh', '7087916606', 'none', 'na', NULL, NULL),
(372, 'Tanpreet Singh', '9878994128', 'none', 'na', NULL, NULL),
(373, 'raghav', '9646900988', 'none', 'na', NULL, NULL),
(374, 'Rajveer', '0000000', 'none', 'na', NULL, NULL),
(375, 'new Zealand', '0000000', 'none', NULL, NULL, NULL),
(376, 'Robin', '8146929316', 'none', 'na', NULL, NULL),
(377, 'Seppa Sarpanch', '0000000', 'none', 'na', NULL, NULL),
(378, 'Aslam', '0000000', 'none', 'na', NULL, NULL),
(379, 'Gurinder Singh', '0000000', 'none', NULL, NULL, NULL),
(380, 'Gurwinder Singh', '8171771818', 'none', 'na', NULL, NULL),
(381, 'Guri', '9878140846', 'none', 'na', NULL, NULL),
(382, 'navnoor', '7809600011', 'none', NULL, NULL, NULL),
(383, 'Sukhi Singh', '7685800044', 'none', 'na', NULL, NULL),
(384, 'Aniket', '9915950633', 'none', 'na', NULL, NULL),
(385, 'Demo', '0000000', 'none', 'na', NULL, NULL),
(386, 'Mayank', '8146576942', 'none', 'na', NULL, NULL),
(387, 'bablu', '7009150241', 'none', 'na', NULL, NULL),
(388, 'Demo', '0000000', 'none', 'na', NULL, NULL),
(389, 'Demo', '0000000', 'none', 'na', NULL, NULL),
(390, 'Arsh Relatives', '0000000', 'none', 'na', NULL, NULL),
(391, 'new cust', '0000000', 'none', 'na', NULL, NULL),
(392, 'test', '0000000', 'none', 'na', NULL, NULL),
(393, 'Baldeep Singh', '9780989507', 'none', 'na', NULL, NULL),
(394, 'Test', '0000000', 'none', 'na', NULL, NULL),
(395, 'parminder Singh', '9855000635', 'none', 'na', NULL, NULL),
(396, 'Butta Khan', '8872555939', 'none', 'na', NULL, NULL),
(397, 'Sumit Brother', '0000000', 'none', 'na', NULL, NULL),
(398, 'Sumit', '9780630209', 'none', 'na', NULL, NULL),
(399, 'Karminder Singh', '9877905086', 'none', 'na', NULL, NULL),
(400, 'amandeep singh', '9878530748', 'none', 'na', NULL, NULL),
(401, 'Vishal', '7206104192', 'none', 'na', NULL, NULL),
(402, 'Harjot Singh', '7864940003', 'none', 'na', NULL, NULL),
(403, 'Lovely', '7888904154', 'none', 'na', NULL, NULL),
(404, 'Bunty', '9888871486', 'none', 'na', NULL, NULL),
(405, 'test', '0000000', 'none', 'na', NULL, NULL),
(406, 'Gurditt Singh', '9501904602', 'none', 'na', NULL, NULL),
(407, 'Gurditt', '9501904602', 'none', 'na', NULL, NULL),
(408, 'Harpreet Singh', '9592534178', 'none', 'na', NULL, NULL),
(409, 'Demo', '0000000', 'none', 'na', NULL, NULL),
(410, 'ramanpreet kaur', '9501098037', 'none', 'na', NULL, NULL),
(411, 'jashan kaur', '8847528596', 'none', 'na', NULL, NULL),
(412, 'Rupinder Singh', '7888402425', 'none', 'na', NULL, NULL),
(413, 'veenu', '9780007625', 'none', NULL, NULL, NULL),
(414, 'veenu', '9780007625', 'none', NULL, NULL, NULL),
(415, 'jashan', '8847528596', 'none', 'na', NULL, NULL),
(416, 'lovely', '7529053118', 'none', 'na', NULL, NULL),
(417, 'lovely', '7529053118', 'none', 'na', NULL, NULL),
(418, 'Karamveer singh', '8146904346', 'No', 'No', NULL, NULL),
(419, 'Uv friend', '9988899454', 'No', 'No', NULL, NULL),
(420, 'Uv', '0000', 'No', 'No', NULL, NULL),
(421, 'Shubham', '000', 'No', 'No', NULL, NULL),
(422, 'Hundal sis', '00000', 'No', 'No', NULL, NULL),
(423, 'Sood', '00', 'No', 'No', NULL, NULL),
(424, 'bhangu', '7837147787', 'none', 'na', NULL, NULL),
(425, 'Gurwinder Singh', '9914372429', 'none', 'na', NULL, NULL),
(426, 'Jimmy', '9815696099', 'none', 'na', NULL, NULL),
(427, 'jaspreet Singh', '0000000', 'none', 'na', NULL, NULL),
(428, 'Ramanjot Singh', '7347623395', 'none', 'na', NULL, NULL),
(429, 'test', '0000000', 'none', NULL, NULL, NULL),
(430, 'Sukhwinder Singh', '9915009077', 'none', NULL, NULL, NULL),
(431, 'garry Grewal', '9888674313', 'none', 'na', NULL, NULL),
(432, 'Baban Pandher', '9779113421', 'none', 'na', NULL, NULL),
(433, 'Swaitch', '0000000', 'none', 'na', NULL, NULL),
(434, 'Baban Pandher', '0000000', 'none', 'na', NULL, NULL),
(435, 'Rajan', '9815099996', 'No', 'No', NULL, NULL),
(436, 'Deepa', '9877137381', 'No', 'No', NULL, NULL),
(437, 'Hunny', '000', 'No', 'No', NULL, NULL),
(438, 'Viswan', '9888702040', 'No', 'No', NULL, NULL),
(439, 'Pampi', '0000', 'No', 'No', NULL, NULL),
(440, 'Bhatto wife', '0000', 'No', 'No', NULL, NULL),
(441, 'Bhatto wife', '0000', 'No', 'No', NULL, NULL),
(442, 'Pampi wife', '00000', 'No', 'No', NULL, NULL),
(443, 'Tanpreet Singh', '9878994128', 'none', 'na', NULL, NULL),
(444, 'manjot Singh', '9781037937', 'none', 'na', NULL, NULL),
(445, 'Akashpreet Singh', '7009202121', 'none', 'na', NULL, NULL),
(446, 'Kuldeep Singh', '9877773975', 'none', 'na', NULL, NULL),
(447, 'Siya', '8544974611', 'none', 'na', NULL, NULL),
(448, 'bhawla sarpanch', '0000000', 'none', 'na', NULL, NULL),
(449, 'bhawla sarpanch', '0000000', 'none', 'na', NULL, NULL),
(450, 'Nagra', '0000000', 'none', 'na', NULL, NULL),
(451, 'jayant', '9872495369', 'none', 'na', NULL, NULL),
(452, 'kamal', '7719537950', 'none', 'na', NULL, NULL),
(453, 'karan', '9501999705', 'none', 'na', NULL, NULL),
(454, 'shivam bali', '0000000', 'none', NULL, NULL, NULL),
(455, 'shivam bali', '0000000', 'none', 'na', NULL, NULL),
(456, 'Sukhpreet Singh', '9814613787', 'none', 'na', NULL, NULL),
(457, 'paras', '836098266', 'none', 'na', NULL, NULL),
(458, 'Shanu bali', '0000000', 'none', 'na', NULL, NULL),
(459, 'harinder Singh', '8427703251', 'none', 'na', NULL, NULL),
(460, 'Rupinder Singh', '9592829066', 'none', 'na', NULL, NULL),
(461, 'test', '0000000', 'none', 'na', NULL, NULL),
(462, 'sukhchain sandhu', '0000000', 'none', NULL, NULL, NULL),
(463, 'ishwar Singh', '0000000', 'none', 'na', NULL, NULL),
(464, 'Mohit', '8054860705', 'none', 'na', NULL, NULL),
(465, 'livpreet Kaur', '9517051501', 'none', 'na', NULL, NULL),
(466, 'LOvepreet kaur', '946521635', 'none', 'na', NULL, NULL),
(467, 'Demo', '0000', 'No', 'No', NULL, NULL),
(468, 'Manpreet', '9878600751', 'No', 'No', NULL, NULL),
(469, 'Rubal Shergill', '0000', 'No', 'No', NULL, NULL),
(470, 'Vicky', '7508910085', 'No', 'No', NULL, NULL),
(471, 'Rubal', '000', 'No', 'No', NULL, NULL),
(472, 'Navjot kaur', '00000', 'No', 'No', NULL, NULL),
(473, 'Kamal client', '000', 'No', 'No', NULL, NULL),
(474, 'Kamal client', '0000', 'No', 'No', NULL, NULL),
(475, 'Shubham', '7508422330', 'No', 'No', NULL, NULL),
(476, 'babbu', '000000000', 'none', NULL, NULL, NULL),
(477, 'davinder kumar', '9953970732', 'none', 'na', NULL, NULL),
(478, 'rahul', '8725091751', 'none', 'na', NULL, NULL),
(479, 'harjot singh', '8437713112', 'none', 'na', NULL, NULL),
(480, 'akashpreet', '7009202121', 'none', NULL, NULL, NULL),
(481, 'akash verma', '7707910678', 'none', 'na', NULL, NULL),
(482, 'new cust', '0000000', 'none', 'na', NULL, NULL),
(483, 'test', '0000000', 'none', 'na', NULL, NULL),
(484, 'manminderpreet Singh', '8437166550', 'none', 'na', NULL, NULL),
(485, 'Karan', '7740059758', 'none', 'na', NULL, NULL),
(486, 'prince', '0000000', 'none', 'na', NULL, NULL),
(487, 'prince', '0000000', 'none', 'na', NULL, NULL),
(488, 'prince', '0000000', 'none', 'na', NULL, NULL),
(489, 'test', '0000000', 'none', 'na', NULL, NULL),
(490, 'Gomzee', '0000000', 'none', 'na', NULL, NULL),
(491, 'Kukldeep Friend', '0000000', 'none', 'na', NULL, NULL),
(492, 'Abroad', '0000000', 'none', 'na', NULL, NULL),
(493, 'Jagga', '0000000', 'none', 'na', NULL, NULL),
(494, 'Pardeep Singh', '6284278811', 'none', 'na', NULL, NULL),
(495, 'mani', '9914618389', 'none', 'na', NULL, NULL),
(496, 'juma khan', '7973868300', 'none', 'na', NULL, NULL),
(497, 'sidharth', '9872500778', 'none', 'na', NULL, NULL),
(498, 'ajay', '9877481633', 'none', 'na', NULL, NULL),
(499, 'hardeep Singh', '9520600081', 'none', 'na', NULL, NULL),
(500, 'Amrit', '8360785650', 'none', 'na', NULL, NULL),
(501, 'sam', '8438200003', 'none', 'na', NULL, NULL),
(502, 'Mani', '62844522911', 'none', 'na', NULL, NULL),
(503, 'jashana', '9463838981', 'none', 'na', NULL, NULL),
(504, 'New Cost', '0000000', 'none', 'na', NULL, NULL),
(505, 'kamal Client', '0000000', 'none', 'na', NULL, NULL),
(506, 'rahul', '8847211919', 'none', 'na', NULL, NULL),
(507, 'sahil', '9877062571', 'none', 'na', NULL, NULL),
(508, 'vishu', '8847578992', 'none', 'na', NULL, NULL),
(509, 'Yuvam', '7717345277', 'none', 'na', NULL, NULL),
(510, 'Pankaj Singh', '8273800076', 'none', 'na', NULL, NULL),
(511, 'Sachin verma', '9877189981', 'none', 'na', NULL, NULL),
(512, 'Dilpreet Singh', '8802431000', 'none', 'na', NULL, NULL),
(513, 'Rajesh', '0000000', 'na', 'na', NULL, NULL),
(514, 'Deep singh', '9855993900', 'none', 'na', NULL, NULL),
(515, 'Chemma', '8360331180', 'none', 'na', NULL, NULL),
(516, 'aman', '7814821210', 'none', 'na', NULL, NULL),
(517, 'ashveer', '7986318537', 'none', 'na', NULL, NULL),
(518, 'AKHIL', '9646710437', 'none', 'na', NULL, NULL),
(519, 'SUKHI', '9814715489', 'none', NULL, NULL, NULL),
(520, 'MAIDASAIR', '7006968736', 'none', 'na', NULL, NULL),
(521, 'SHUBAM', '9780000172', 'none', 'na', NULL, NULL),
(522, 'Karan', '7347625162', 'none', 'na', NULL, NULL),
(523, 'nandan', '7009047903', 'none', NULL, NULL, NULL),
(524, 'sahil', '9877939260', 'none', 'na', NULL, NULL),
(525, 'Bridal', '0000000', 'none', 'na', NULL, NULL),
(526, 'kamal Client', '0000000', 'none', 'na', NULL, NULL),
(527, 'kamal Client', '0000000', 'none', 'na', NULL, NULL),
(528, 'kamal Client', '0000000', 'none', 'na', NULL, NULL),
(529, 'test', '0000000', 'none', 'na', NULL, NULL),
(530, 'Monty Boparai', '0000000', 'none', 'na', NULL, NULL),
(531, 'gora', '0000000', 'none', 'na', NULL, NULL),
(532, 'test', '0000000', 'none', 'na', NULL, NULL),
(533, 'Nirmal Singh', '6280984541', 'none', 'na', NULL, NULL),
(534, 'nancy batta', '9781685486', 'none', 'na', NULL, NULL),
(535, 'nancy batta', '9781685486', 'none', 'na', NULL, NULL),
(536, 'Bhavit Arora', '9041306000', 'none', 'na', NULL, NULL),
(537, 'rajveer Singh', '8968860882', 'na', 'na', NULL, NULL),
(538, 'arshdeep Singh', '9517423305', 'none', 'na', NULL, NULL),
(539, 'aman', '9988979625', 'none', 'na', NULL, NULL),
(540, 'mohd abbas', '7006341210', 'none', 'na', NULL, NULL),
(541, 'baby Haircut', '0000000', 'none', 'na', NULL, NULL),
(542, 'harsh Singh', '0000000', 'none', 'na', NULL, NULL),
(543, 'Harjot Singh', '0000000', 'none', 'na', NULL, NULL),
(544, 'Simran', '9888013078', 'none', 'na', NULL, NULL),
(545, 'harsh', '0000000', 'none', 'na', NULL, NULL),
(546, 'vicky', '7710682109', 'none', 'na', NULL, NULL),
(547, 'harman Singh', '9988374109', 'none', 'na', NULL, NULL),
(548, 'jasmeen', '9592141216', 'none', 'na', NULL, NULL),
(549, 'sukvinder singh', '9815332505', 'none', 'na', NULL, NULL),
(550, 'dilshad khan', '8557842680', 'na', 'na', NULL, NULL),
(551, 'gourav', '8968897255', 'none', 'na', NULL, NULL),
(552, 'shahmawaz', '6005823411', 'none', 'na', NULL, NULL),
(553, 'harpreet', '6280655466', 'none', 'na', NULL, NULL),
(554, 'babbu', '0000000', 'none', 'na', NULL, NULL),
(555, 'Vinay', '0000000', 'none', 'na', NULL, NULL),
(556, 'kamal deep singh', '0000000', 'none', NULL, NULL, NULL),
(557, 'Honey', '0000000', 'none', NULL, NULL, NULL),
(558, 'lakshay', '9153000037', 'none', 'na', NULL, NULL),
(559, 'Pehlwan', '8802300019', 'none', 'na', NULL, NULL),
(560, 'jassi', '9569956003', 'none', 'na', NULL, NULL),
(561, 'perry', '8360637132', 'none', 'na', NULL, NULL),
(562, 'Akash', '8567071810', 'none', 'na', NULL, NULL),
(563, 'Benny', '7031837777', 'none', 'na', NULL, NULL),
(564, 'Sonu', '9988100502', 'none', 'na', NULL, NULL),
(565, 'Sukhi veer', '0000000', 'none', 'na', NULL, NULL),
(566, 'deepak kumar', '9815649329', 'none', 'na', NULL, NULL),
(567, 'test', '0000000', 'none', 'na', NULL, NULL),
(568, 'Lucky', '0000000', 'none', NULL, NULL, NULL),
(569, 'test', '0000000', 'none', 'na', NULL, NULL),
(570, 'jaggi', '9592602060', 'none', 'na', NULL, NULL),
(571, 'Pammveer', '0000000', 'none', 'na', NULL, NULL),
(572, 'mamny', '9780914306', 'none', 'na', NULL, NULL),
(573, 'Dhuri', '9878054356', 'none', 'na', NULL, NULL),
(574, 'Parteek Singh', '8847627188', 'none', 'na', NULL, NULL),
(575, 'test', '0000000', 'none', 'na', NULL, NULL),
(576, 'Amanjot Singh', '9780159039', 'none', 'na', NULL, NULL),
(577, 'Amana', '0000000', 'none', 'na', NULL, NULL),
(578, 'babbu', '0000000', 'none', 'na', NULL, NULL),
(579, 'Gurdeeep', '9781754801', 'na', 'na', NULL, NULL),
(580, 'test', '0000000', 'none', 'na', NULL, NULL),
(581, 'test', '0000000', 'none', 'na', NULL, NULL),
(582, 'bhushi', '0000000', 'none', 'na', NULL, NULL),
(583, 'bhushi', '0000000', 'none', 'na', NULL, NULL),
(584, 'gagandeep', '8198095117', 'none', 'na', NULL, NULL),
(585, 'pinak', '6284898477', 'none', 'na', NULL, NULL),
(586, 'debi', '7508691026', 'none', 'na', NULL, NULL),
(587, 'amrit', '7301000808', 'none', 'na', NULL, NULL),
(588, 'sandeep', '9781563722', 'none', 'na', NULL, NULL),
(589, 'karan', '9988697955', 'none', 'na', NULL, NULL),
(590, 'Guri', '0000000', 'na', 'na', NULL, NULL),
(591, 'deep', '0000000', 'none', 'na', NULL, NULL),
(592, 'Niche ala Uncle', '0000000', 'none', 'na', NULL, NULL),
(593, 'Amrit Singh', '9914871861', 'none', 'na', NULL, NULL),
(594, 'pampi', '0000000', 'none', 'na', NULL, NULL),
(595, 'lakshay', '9153000037', 'none', 'na', NULL, NULL),
(596, 'mohit', '9877921375', 'none', 'na', NULL, NULL),
(597, 'rahul', '8437490911', 'none', 'na', NULL, NULL),
(598, 'Simran Singh', '7009015338', 'none', 'na', NULL, NULL),
(599, 'Yash verma', '9417160755', 'none', 'na', NULL, NULL),
(600, 'Arsh Preet', '7986167390', 'none', 'na', NULL, NULL),
(601, 'Simran Kaur', '9888013078', 'none', 'na', NULL, NULL),
(602, 'pandit Ji', '0000000', 'none', 'na', NULL, NULL),
(603, 'karan', '8847485579`', 'none', 'na', NULL, NULL),
(604, 'Danveer Singh', '9876622593', 'none', 'na', NULL, NULL),
(605, 'raju Singh', '7355580002', 'none', 'na', NULL, NULL),
(606, 'test', '0000000', 'none', 'na', NULL, NULL),
(607, 'test', '0000000', 'none', 'na', NULL, NULL),
(608, 'test', '0000000', 'none', 'na', NULL, NULL),
(609, 'kamal', '9646426820', 'none', 'na', NULL, NULL),
(610, 'Ramaninder Singh', '7589116323', 'none', 'na', NULL, NULL),
(611, 'test', '0000000', 'none', 'na', NULL, NULL),
(612, 'Babbu', '0000000', 'none', 'na', NULL, NULL),
(613, 'Pushi veera', '0000000', 'na', 'na', NULL, NULL),
(614, 'jasmeet', '8872706042', 'none', NULL, NULL, NULL),
(615, 'jashan gill', '9780163003', 'none', NULL, NULL, NULL),
(616, 'Sumit kumar', '9855087753', 'none', 'na', NULL, NULL),
(617, 'sandeep', '9803319702', 'none', 'na', NULL, NULL),
(618, 'Hrithik Thakur', '0000000', 'none', 'na', NULL, NULL),
(619, 'sahil', '9877939260', 'none', 'na', NULL, NULL),
(620, 'Charcoal', '0000000', 'none', 'na', NULL, NULL),
(621, 'test', '0000000', 'none', 'na', NULL, NULL),
(622, 'money', '9780280865', 'none', 'na', NULL, NULL),
(623, 'jaggi', '0000000', 'none', 'na', NULL, NULL),
(624, 'Sukhjeet Singh', '9878495085', 'none', 'na', NULL, NULL),
(625, 'shubam', '0000000', 'none', 'na', NULL, NULL),
(626, 'sahil', '8360370757', 'none', 'na', NULL, NULL),
(627, 'sunny', '00000000000', 'none', 'na', NULL, NULL),
(628, 'husan', '9888324148', 'none', 'na', NULL, NULL),
(629, 'avhi', '8729050234', 'none', 'na', NULL, NULL),
(630, 'sakhon', '000000000000', '300', 'na', NULL, NULL),
(631, 'sekhon', '0000000', 'none', 'na', NULL, NULL),
(632, 'verna vala', '0000000', 'none', 'na', NULL, NULL),
(633, 'Kulbir', '0000000', 'none', 'na', NULL, NULL),
(634, 'vikas', '7071300300', 'none', 'na', NULL, NULL),
(635, 'Aniket', '9915950633', 'none', 'na', NULL, NULL),
(636, 'Bali', '6280002429', 'na', 'na', NULL, NULL),
(637, 'preet', '9878994128', 'none', 'na', NULL, NULL),
(638, 'Sunny', '7009969704', 'none', 'na', NULL, NULL),
(639, 'Kanish', '8569061327', 'none', 'na', NULL, NULL),
(640, 'Vicky', '7986253809', 'none', 'na', NULL, NULL),
(641, 'Ladies', '0000000', 'none', 'na', NULL, NULL),
(642, 'avii', '0000000', 'none', 'na', NULL, NULL),
(643, 'Yash verma', '0000000', 'none', 'na', NULL, NULL),
(644, 'Shubham Desi Crew', '0000000', 'none', 'na', NULL, NULL),
(645, 'Pawan', '0000000', 'none', 'na', NULL, NULL),
(646, 'sumit', '0000000', 'none', 'na', NULL, NULL),
(647, 'Gautam', '9988000189', 'no', 'no', NULL, NULL),
(648, 'Sherry', '9592072891', 'no', 'no', NULL, NULL),
(649, 'Arsh', '7986167390', 'n', 'no', NULL, NULL),
(650, 'Honey Aujla', '9814800076', 'n', 'no', NULL, NULL),
(651, 'Pamramvir', '9855645626', 'n', 'no', NULL, NULL),
(652, 'Himanshu', '8054907516', 'n', 'no', NULL, NULL),
(653, 'Huny Sugar Mill', '8751000044', 'n', 'no', NULL, NULL),
(654, 'Romin Bhatti', '000', 'n', 'no', NULL, NULL),
(655, 'Balli Khanna', '000', 'n', 'no', NULL, NULL),
(656, 'Ankit Karayana', '000', 'n', 'no', NULL, NULL),
(657, 'Anju Bhumra', '000', 'n', 'no', NULL, NULL),
(658, 'dev', '9780342616', 'n', NULL, NULL, NULL),
(659, 'avtar', '8146586248', 'n', 'no', NULL, NULL),
(660, 'banny', '7031837777', 'n', 'no', NULL, NULL),
(661, 'Pizza Master', '9781854800', 'n', 'no', NULL, NULL),
(662, 'Anmol Kamal Brother', '9352525205', 'n', 'no', NULL, NULL),
(663, 'manki pind', '000000', 'none', 'na', NULL, NULL),
(664, 'pam da ari', '000', 'none', 'na', NULL, NULL),
(665, 'sahil', '0000000', 'none', 'na', NULL, NULL),
(666, 'vijay', '0000000', 'none', 'na', NULL, NULL),
(667, 'Mamdeep Songh', '8146089718', 'none', 'na', NULL, NULL),
(668, 'daman preet', '9914236759', 'none', 'na', NULL, NULL),
(669, 'damanpreet', '0000000', 'none', 'na', NULL, NULL),
(670, 'damanpreet', '0000000', 'none', 'na', NULL, NULL),
(671, 'none', '0000000', 'none', 'na', NULL, NULL),
(672, 'Navjot Singh Mgg', '9394390007', 'none', 'na', NULL, NULL),
(673, 'Harvir', '9915425500', 'none', 'na', NULL, NULL),
(674, 'rohit', '6280426005', 'n', 'no', NULL, NULL),
(675, 'money', '9780280865', 'na', 'na', NULL, NULL),
(676, 'jassi', '7394900096', 'none', 'na', NULL, NULL),
(677, 'Lavish', '7087061328', 'n', 'no', NULL, NULL),
(678, 'harsh', '8146751391', 'none', 'na', NULL, NULL),
(679, 'Gurjant Singh', '9876585149', 'none', 'na', NULL, NULL),
(680, 'Sukhpreet Singh', '97801613102', 'none', 'na', NULL, NULL),
(681, 'Dilraj Singh', '9814634147', 'none', 'na', NULL, NULL),
(682, 'smotthing veer', '0000000', 'none', 'na', NULL, NULL),
(683, 'smotthing veer', '0000000', 'none', 'na', NULL, NULL),
(684, 'harly', '0000000', 'none', 'na', NULL, NULL),
(685, 'Navnoor', '7809600011', 'none', 'na', NULL, NULL),
(686, 'Karan', '6239905860', 'na', NULL, NULL, NULL),
(687, 'test', '0000000', 'none', 'na', NULL, NULL),
(688, 'amloh', '0000000', 'none', 'na', NULL, NULL),
(689, 'amloh', '0000000', 'none', 'na', NULL, NULL),
(690, 'Gurwinder Singh', '0000000', 'none', 'na', NULL, NULL),
(691, 'test', '0000000', 'none', 'na', NULL, NULL),
(692, 'Ravi Vijay Client', '0000', 'n', 'no', NULL, NULL),
(693, 'hardeep Singh', '8284842482', 'n', 'no', NULL, NULL),
(694, 'rompur', '0000000', 'none', 'na', NULL, NULL),
(695, 'kamal', '9877001358', 'none', NULL, NULL, NULL),
(696, 'gurinder', '7529839328', 'none', 'na', NULL, NULL),
(697, 'Akhil', '9646710437', 'none', 'na', NULL, NULL),
(698, 'garry', '9592829066', 'none', 'na', NULL, NULL),
(699, 'harsh', '8146751391', 'none', 'na', NULL, NULL),
(700, 'Ankit Verma', '9988492447', 'none', 'na', NULL, NULL),
(701, 'Pamm da frnd', '000000000', 'None', 'No', NULL, NULL),
(702, 'harman Singh', '9988374109', 'No', 'na', NULL, NULL),
(703, 'kabir Singh', '9855937561', 'na', 'na', NULL, NULL),
(704, 'jagjit', '9788701000', 'none', 'na', NULL, NULL),
(705, 'Divanshu', '7087508151', 'none', 'na', NULL, NULL),
(706, 'Sukhi Mehra', '9915492185', 'none', 'na', NULL, NULL),
(707, 'Garry Mander', '8727013751', 'none', 'na', NULL, NULL),
(708, 'abhibhav', '9872600087', 'none', 'na', NULL, NULL),
(709, 'dilpreet singh', '7814489140', 'none', 'na', NULL, NULL),
(710, 'shubham sood', '9780000172', 'none', 'na', NULL, NULL),
(711, 'Kirat Singh', '6283161919', 'No', 'na', NULL, NULL),
(712, 'harpreet', '8557010515', 'none', 'na', NULL, NULL),
(713, 'navdeep', '7009929411', 'none', 'na', NULL, NULL),
(714, 'Narinder Batth', '9682000062', 'No', 'na', NULL, NULL),
(715, 'rasdeep Singh', '6284722858', 'na', 'na', NULL, NULL),
(716, 'raman mandi', '0000000', 'none', 'na', NULL, NULL),
(717, 'kamaljeet singh', '9592771997', 'none', 'na', NULL, NULL),
(718, 'sonu', '8872916921', 'none', 'na', NULL, NULL),
(719, 'laddi', '9877613848', 'none', 'na', NULL, NULL),
(720, 'prabhjot Singh benipal', '7009828918', 'na', 'na', NULL, NULL),
(721, 'Amrinder Singh  Kang', '6280192404', 'na', 'na', NULL, NULL),
(722, 'Rupesh Singh', '9256100900', 'none', 'na', NULL, NULL),
(723, 'amarjeet Salana', '8146600090', 'No', 'na', NULL, NULL),
(724, 'ravi verma', '9692990006', 'none', 'na', NULL, NULL),
(725, 'kirat', '0000000', 'none', 'na', NULL, NULL),
(726, 'avraj', '8872555939', 'none', 'na', NULL, NULL),
(727, 'Sukhchain Sohi', '8264117826', 'none', 'na', NULL, NULL),
(728, 'kamal', '7719741199', 'none', 'na', NULL, NULL),
(729, 'rajat', '9646086858', 'none', 'na', NULL, NULL),
(730, 'punjab police', '9780001415', 'none', 'na', NULL, NULL),
(731, 'lovepreet', '8427811732', 'none', 'na', NULL, NULL),
(732, 'puneet', '7347231058', 'none', 'na', NULL, NULL),
(733, 'jaskaran', '9855325653', 'none', 'na', NULL, NULL),
(734, 'gagan deep', '9560439653', 'No', 'na', NULL, NULL),
(735, 'gurpreet', '9701000011', 'none', 'na', NULL, NULL),
(736, 'johny', '9815723120', 'none', 'na', NULL, NULL),
(737, 'lovish', '9428592051', 'none', 'na', NULL, NULL),
(738, 'manro', '9915087397', 'na', 'na', NULL, NULL),
(739, 'deepak kakku', '8054430870', 'none', 'na', NULL, NULL),
(740, 'gurwinder', '9779387911', 'none', 'na', NULL, NULL),
(741, 'sukdeep singh', '9803400900', 'none', 'na', NULL, NULL),
(742, 'vicky', '9780044001', 'none', 'na', NULL, NULL),
(743, 'banti', '9877159595', 'none', 'na', NULL, NULL),
(744, 'amrit lalhri', '8427182604', 'none', 'na', NULL, NULL);

-- --------------------------------------------------------

--
-- Table structure for table `employees`
--

CREATE TABLE `employees` (
  `employee_id` bigint(20) UNSIGNED NOT NULL,
  `employee_name` varchar(255) COLLATE utf8mb4_unicode_ci NOT NULL,
  `birth_date` date NOT NULL,
  `contact_no` varchar(10) COLLATE utf8mb4_unicode_ci NOT NULL,
  `photo` varchar(50) COLLATE utf8mb4_unicode_ci DEFAULT NULL,
  `designation` varchar(255) COLLATE utf8mb4_unicode_ci NOT NULL,
  `salary_type` varchar(255) COLLATE utf8mb4_unicode_ci NOT NULL,
  `salary` double(8,2) NOT NULL,
  `created_at` timestamp NULL DEFAULT NULL,
  `updated_at` timestamp NULL DEFAULT NULL
) ENGINE=InnoDB DEFAULT CHARSET=utf8mb4 COLLATE=utf8mb4_unicode_ci;

--
-- Dumping data for table `employees`
--

INSERT INTO `employees` (`employee_id`, `employee_name`, `birth_date`, `contact_no`, `photo`, `designation`, `salary_type`, `salary`, `created_at`, `updated_at`) VALUES
(4, 'shiv kumar', '1999-02-14', '9653540234', NULL, 'hair stylist', 'commission', 25.00, '2020-02-24 06:44:37', '2020-02-24 06:44:37'),
(5, 'vikas mattu', '1999-01-01', '7009145691', NULL, 'hair stylist', 'commission', 20.00, '2020-02-24 06:46:25', '2020-02-24 06:46:25'),
(6, 'manjot singh', '2000-10-04', '9915805009', NULL, 'helper', 'salary', 3000.00, '2020-02-24 07:10:03', '2020-02-24 07:10:03'),
(7, 'sandeep kumar', '1985-11-15', '9888999350', NULL, 'owner', 'salary', 50000.00, '2020-02-24 07:19:45', '2020-02-24 07:19:45'),
(8, 'aslam mohammad', '1995-09-12', '6280794484', NULL, 'hair stylist', 'commission', 20.00, '2020-02-24 07:36:37', '2020-02-24 07:36:37'),
(9, 'kuldeep singh', '1993-05-27', '8872838751', NULL, 'hair stylist', 'commission', 30.00, '2020-02-24 07:43:14', '2020-02-24 07:43:14'),
(10, 'Vijay khanna', '1998-06-26', '9914923119', NULL, 'Gents Hairdresser', 'commission', 30.00, '2020-02-24 08:27:11', '2020-02-24 08:27:11'),
(11, 'kamal sharma', '1994-10-18', '9888986870', '11590907564-logo.jpeg', 'ladies hair dresser', 'salary', 8000.00, '2020-02-24 08:29:09', '2020-05-31 06:46:06'),
(12, 'gurpreet tattoo artist', '1985-10-16', '8437935229', NULL, 'tattoo artist', 'salary', 10000.00, '2020-02-24 08:38:12', '2020-02-24 08:38:12'),
(13, 'Bharty', '1995-12-24', '9988938970', NULL, 'makeup artist ,hair stylist n beautician', 'salary', 7000.00, '2020-02-24 11:41:56', '2020-02-24 11:41:56'),
(14, 'lally hair expert', '1998-09-18', '9915274652', NULL, 'hair stylist', 'salary', 5000.00, '2020-02-24 11:47:03', '2020-02-24 11:47:53'),
(15, 'amarjeet singh', '2000-10-03', '8054990805', NULL, 'helper', 'salary', 2000.00, '2020-02-25 06:48:36', '2020-02-25 06:48:36'),
(16, 'akash kumar', '1997-03-20', '7889061567', NULL, 'hair stylist', 'salary', 3000.00, '2020-03-04 05:03:10', '2020-03-04 05:03:10'),
(17, 'suman', '1997-09-09', '8437954683', NULL, 'skin expert', 'salary', 5000.00, '2020-03-04 05:07:25', '2020-03-04 05:07:25'),
(18, 'mandeep Kaur', '1989-06-10', '6283718239', NULL, 'skin expert', 'salary', 7000.00, '2020-03-08 11:27:47', '2020-03-08 11:27:47'),
(19, 'Mehak Karkara', '1986-10-12', '7973888934', NULL, 'owner', 'salary', 8000.00, '2020-03-10 05:40:31', '2020-03-10 05:40:31'),
(20, 'Deepika Bansaal', '1988-09-25', '7973875553', NULL, 'owner', 'salary', 8000.00, '2020-03-10 05:42:42', '2020-03-10 05:42:42'),
(21, 'Harsh Sahota', '2001-10-01', '7814830975', NULL, 'worker', 'salary', 3000.00, '2020-05-31 06:30:32', '2020-05-31 06:30:32'),
(22, 'Amanpreet Singh', '1999-08-31', '9814891022', NULL, 'hair stylist', 'salary', 5000.00, '2020-06-05 08:17:13', '2020-06-05 08:17:13');

-- --------------------------------------------------------

--
-- Table structure for table `failed_jobs`
--

CREATE TABLE `failed_jobs` (
  `id` bigint(20) UNSIGNED NOT NULL,
  `connection` text COLLATE utf8mb4_unicode_ci NOT NULL,
  `queue` text COLLATE utf8mb4_unicode_ci NOT NULL,
  `payload` longtext COLLATE utf8mb4_unicode_ci NOT NULL,
  `exception` longtext COLLATE utf8mb4_unicode_ci NOT NULL,
  `failed_at` timestamp NOT NULL DEFAULT CURRENT_TIMESTAMP
) ENGINE=InnoDB DEFAULT CHARSET=utf8mb4 COLLATE=utf8mb4_unicode_ci;

-- --------------------------------------------------------

--
-- Table structure for table `items`
--

CREATE TABLE `items` (
  `item_id` bigint(20) UNSIGNED NOT NULL,
  `item_name` varchar(50) COLLATE utf8mb4_unicode_ci NOT NULL,
  `item_price` double(10,2) NOT NULL,
  `item_description` varchar(255) COLLATE utf8mb4_unicode_ci NOT NULL,
  `item_enable` tinyint(1) NOT NULL,
  `created_at` timestamp NULL DEFAULT NULL,
  `updated_at` timestamp NULL DEFAULT NULL
) ENGINE=InnoDB DEFAULT CHARSET=utf8mb4 COLLATE=utf8mb4_unicode_ci;

--
-- Dumping data for table `items`
--

INSERT INTO `items` (`item_id`, `item_name`, `item_price`, `item_description`, `item_enable`, `created_at`, `updated_at`) VALUES
(2, 'Manicure Kit', 1050.00, 'uh ieuhr ekj', 1, '2020-02-04 07:55:09', '2020-02-04 07:55:09'),
(3, 'test', 123.00, 'flemwg', 1, '2020-02-22 10:24:09', '2020-02-22 10:24:09'),
(4, 'Hair Spa Cream', 50.00, '', 1, '2020-02-22 11:24:27', '2020-02-22 11:24:27'),
(5, 'Donut  big', 150.00, '12', 1, '2020-02-24 09:16:43', '2020-02-24 09:16:43'),
(6, 'Donut  small', 150.00, '12', 1, '2020-02-24 09:17:35', '2020-02-24 09:17:35'),
(7, 'wax oil', 150.00, '1', 1, '2020-02-24 09:18:05', '2020-02-24 09:18:05');

-- --------------------------------------------------------

--
-- Table structure for table `material_details`
--

CREATE TABLE `material_details` (
  `material_detail_id` bigint(20) UNSIGNED NOT NULL,
  `transaction_id` bigint(20) UNSIGNED DEFAULT NULL,
  `item_id` bigint(20) UNSIGNED DEFAULT NULL,
  `quantity_used` double(6,2) NOT NULL,
  `created_at` timestamp NULL DEFAULT NULL,
  `updated_at` timestamp NULL DEFAULT NULL
) ENGINE=InnoDB DEFAULT CHARSET=utf8mb4 COLLATE=utf8mb4_unicode_ci;

--
-- Dumping data for table `material_details`
--

INSERT INTO `material_details` (`material_detail_id`, `transaction_id`, `item_id`, `quantity_used`, `created_at`, `updated_at`) VALUES
(2, 1, 2, 2.00, NULL, NULL),
(3, 1, 2, 2.00, NULL, NULL),
(4, 1, 2, 10.00, NULL, NULL),
(13, 3, 2, 0.00, NULL, NULL),
(14, 4, 3, 10.00, NULL, NULL),
(15, 5, 3, 0.00, NULL, NULL),
(16, 6, 2, 0.00, NULL, NULL),
(17, 7, 2, 0.00, NULL, NULL),
(18, 8, 3, 0.00, NULL, NULL),
(21, 11, 2, 0.00, NULL, NULL),
(22, 12, 2, 0.00, NULL, NULL),
(23, 13, 3, 0.00, NULL, NULL),
(24, 14, 2, 0.00, NULL, NULL),
(26, 16, 2, 0.00, NULL, NULL),
(27, 17, 2, 0.00, NULL, NULL),
(28, 18, 2, 0.00, NULL, NULL),
(29, 19, 2, 0.00, NULL, NULL),
(30, 20, 2, 0.00, NULL, NULL),
(31, 21, 2, 0.00, NULL, NULL),
(32, 22, 2, 0.00, NULL, NULL),
(33, 23, 2, 0.00, NULL, NULL),
(34, 24, 2, 0.00, NULL, NULL),
(35, 25, 2, 0.00, NULL, NULL),
(36, 26, 2, 0.00, NULL, NULL),
(37, 27, 2, 0.00, NULL, NULL),
(39, 29, 2, 0.00, NULL, NULL),
(40, 30, 2, 0.00, NULL, NULL),
(41, 31, 2, 0.00, NULL, NULL),
(42, 32, 2, 0.00, NULL, NULL),
(43, 33, 2, 0.00, NULL, NULL),
(44, 34, 2, 0.00, NULL, NULL),
(45, 35, 2, 0.00, NULL, NULL),
(46, 36, 2, 0.00, NULL, NULL),
(47, 37, 2, 0.00, NULL, NULL),
(48, 38, 2, 0.00, NULL, NULL),
(49, 39, 2, 0.00, NULL, NULL),
(50, 40, 2, 0.00, NULL, NULL),
(51, 41, 2, 0.00, NULL, NULL),
(52, 42, 2, 0.00, NULL, NULL),
(53, 43, 2, 0.00, NULL, NULL),
(54, 44, 2, 0.00, NULL, NULL),
(55, 45, 2, 0.00, NULL, NULL),
(56, 46, 2, 0.00, NULL, NULL),
(57, 47, 2, 0.00, NULL, NULL),
(58, 48, 2, 0.00, NULL, NULL),
(59, 49, 2, 0.00, NULL, NULL),
(60, 50, 2, 0.00, NULL, NULL),
(61, 51, 2, 0.00, NULL, NULL),
(62, 52, 2, 0.00, NULL, NULL),
(63, 53, 2, 0.00, NULL, NULL),
(64, 54, 2, 0.00, NULL, NULL),
(65, 55, 2, 0.00, NULL, NULL),
(66, 56, 2, 0.00, NULL, NULL),
(67, 57, 2, 0.00, NULL, NULL),
(68, 58, 2, 0.00, NULL, NULL),
(69, 59, 2, 0.00, NULL, NULL),
(70, 60, 2, 0.00, NULL, NULL),
(71, 61, 2, 0.00, NULL, NULL),
(73, 62, 2, 0.00, NULL, NULL),
(74, 63, 2, 0.00, NULL, NULL),
(75, 64, 2, 0.00, NULL, NULL),
(76, 65, 2, 0.00, NULL, NULL),
(77, 66, 2, 0.00, NULL, NULL),
(78, 67, 2, 0.00, NULL, NULL),
(79, 68, 2, 0.00, NULL, NULL),
(80, 69, 2, 0.00, NULL, NULL),
(81, 70, 2, 0.00, NULL, NULL),
(82, 71, 2, 0.00, NULL, NULL),
(83, 72, 2, 0.00, NULL, NULL),
(84, 73, 2, 0.00, NULL, NULL),
(85, 74, 2, 0.00, NULL, NULL),
(86, 75, 2, 0.00, NULL, NULL),
(87, 76, 2, 0.00, NULL, NULL),
(88, 77, 2, 0.00, NULL, NULL),
(89, 78, 2, 0.00, NULL, NULL),
(90, 79, 2, 0.00, NULL, NULL),
(91, 80, 2, 0.00, NULL, NULL),
(92, 81, 2, 0.00, NULL, NULL),
(93, 82, 2, 0.00, NULL, NULL),
(94, 83, 2, 0.00, NULL, NULL),
(95, 84, 2, 0.00, NULL, NULL),
(96, 85, 2, 0.00, NULL, NULL),
(97, 86, 2, 0.00, NULL, NULL),
(98, 87, 2, 0.00, NULL, NULL),
(99, 88, 2, 0.00, NULL, NULL),
(100, 89, 2, 0.00, NULL, NULL),
(101, 90, 2, 0.00, NULL, NULL),
(102, 91, 2, 0.00, NULL, NULL),
(103, 92, 2, 0.00, NULL, NULL),
(104, 93, 2, 0.00, NULL, NULL),
(105, 94, 2, 0.00, NULL, NULL),
(107, 96, 2, 0.00, NULL, NULL),
(108, 97, 2, 0.00, NULL, NULL),
(109, 98, 2, 0.00, NULL, NULL),
(110, 99, 2, 0.00, NULL, NULL),
(111, 100, 3, 0.00, NULL, NULL),
(112, 101, 2, 0.00, NULL, NULL),
(113, 102, 2, 0.00, NULL, NULL),
(114, 103, 2, 0.00, NULL, NULL),
(115, 104, 2, 0.00, NULL, NULL),
(116, 105, 2, 0.00, NULL, NULL),
(117, 106, 2, 0.00, NULL, NULL),
(118, 107, 2, 0.00, NULL, NULL),
(119, 108, 2, 0.00, NULL, NULL),
(120, 109, 2, 0.00, NULL, NULL),
(121, 110, 2, 0.00, NULL, NULL),
(122, 111, 3, 0.00, NULL, NULL),
(123, 112, 2, 0.00, NULL, NULL),
(124, 113, 3, 0.00, NULL, NULL),
(125, 114, 2, 0.00, NULL, NULL),
(126, 115, 2, 0.00, NULL, NULL),
(127, 116, 2, 0.00, NULL, NULL),
(128, 117, 2, 0.00, NULL, NULL),
(129, 118, 2, 0.00, NULL, NULL),
(130, 119, 2, 0.00, NULL, NULL),
(131, 120, 2, 0.00, NULL, NULL),
(132, 121, 2, 0.00, NULL, NULL),
(133, 122, 2, 0.00, NULL, NULL),
(134, 123, 2, 0.00, NULL, NULL),
(135, 124, 2, 0.00, NULL, NULL),
(137, 126, 2, 0.00, NULL, NULL),
(138, 125, 2, 0.00, NULL, NULL),
(139, 127, 2, 0.00, NULL, NULL),
(140, 128, 2, 0.00, NULL, NULL),
(141, 129, 2, 0.00, NULL, NULL),
(142, 130, 2, 0.00, NULL, NULL),
(143, 131, 2, 0.00, NULL, NULL),
(144, 132, 2, 0.00, NULL, NULL),
(145, 133, 2, 0.00, NULL, NULL),
(146, 134, 2, 0.00, NULL, NULL),
(147, 135, 2, 0.00, NULL, NULL),
(148, 136, 2, 0.00, NULL, NULL),
(149, 137, 2, 0.00, NULL, NULL),
(150, 138, 2, 0.00, NULL, NULL),
(151, 139, 2, 0.00, NULL, NULL),
(152, 140, 2, 0.00, NULL, NULL),
(153, 141, 2, 0.00, NULL, NULL),
(154, 142, 2, 0.00, NULL, NULL),
(156, 144, 2, 0.00, NULL, NULL),
(157, 145, 2, 0.00, NULL, NULL),
(158, 146, 2, 0.00, NULL, NULL),
(159, 147, 2, 0.00, NULL, NULL),
(160, 148, 2, 0.00, NULL, NULL),
(161, 149, 2, 0.00, NULL, NULL),
(162, 150, 2, 0.00, NULL, NULL),
(163, 151, 2, 0.00, NULL, NULL),
(164, 152, 2, 0.00, NULL, NULL),
(165, 153, 2, 0.00, NULL, NULL),
(167, 154, 2, 0.00, NULL, NULL),
(168, 155, 2, 0.00, NULL, NULL),
(169, 156, 2, 0.00, NULL, NULL),
(170, 157, 2, 0.00, NULL, NULL),
(171, 158, 2, 0.00, NULL, NULL),
(172, 159, 2, 0.00, NULL, NULL),
(173, 160, 2, 0.00, NULL, NULL),
(174, 161, 2, 0.00, NULL, NULL),
(175, 162, 2, 0.00, NULL, NULL),
(176, 163, 2, 0.00, NULL, NULL),
(178, 165, 2, 0.00, NULL, NULL),
(179, 166, 2, 0.00, NULL, NULL),
(180, 167, 2, 0.00, NULL, NULL),
(181, 168, 2, 0.00, NULL, NULL),
(182, 169, 2, 0.00, NULL, NULL),
(183, 170, 2, 0.00, NULL, NULL),
(185, 171, 2, 0.00, NULL, NULL),
(186, 172, 2, 0.00, NULL, NULL),
(187, 173, 2, 0.00, NULL, NULL),
(188, 174, 2, 0.00, NULL, NULL),
(189, 175, 2, 0.00, NULL, NULL),
(190, 176, 2, 0.00, NULL, NULL),
(191, 177, 2, 0.00, NULL, NULL),
(192, 178, 2, 0.00, NULL, NULL),
(193, 179, 2, 0.00, NULL, NULL),
(194, 180, 2, 0.00, NULL, NULL),
(195, 181, 2, 0.00, NULL, NULL),
(196, 182, 2, 0.00, NULL, NULL),
(197, 183, 2, 0.00, NULL, NULL),
(198, 184, 2, 0.00, NULL, NULL),
(199, 185, 2, 0.00, NULL, NULL),
(200, 186, 2, 0.00, NULL, NULL),
(201, 187, 2, 0.00, NULL, NULL),
(202, 188, 2, 0.00, NULL, NULL),
(203, 189, 2, 0.00, NULL, NULL),
(204, 190, 2, 0.00, NULL, NULL),
(205, 191, 2, 0.00, NULL, NULL),
(206, 192, 2, 0.00, NULL, NULL),
(207, 193, 2, 0.00, NULL, NULL),
(208, 194, 2, 0.00, NULL, NULL),
(209, 195, 2, 0.00, NULL, NULL),
(210, 196, 2, 0.00, NULL, NULL),
(211, 197, 2, 0.00, NULL, NULL),
(212, 198, 2, 0.00, NULL, NULL),
(213, 199, 2, 0.00, NULL, NULL),
(214, 200, 2, 0.00, NULL, NULL),
(215, 201, 2, 0.00, NULL, NULL),
(216, 202, 2, 0.00, NULL, NULL),
(217, 203, 2, 0.00, NULL, NULL),
(218, 204, 2, 0.00, NULL, NULL),
(219, 205, 2, 0.00, NULL, NULL),
(220, 206, 2, 0.00, NULL, NULL),
(221, 207, 2, 0.00, NULL, NULL),
(222, 208, 2, 0.00, NULL, NULL),
(223, 209, 2, 0.00, NULL, NULL),
(224, 210, 2, 0.00, NULL, NULL),
(225, 211, 2, 0.00, NULL, NULL),
(226, 212, 2, 0.00, NULL, NULL),
(228, 28, 2, 0.00, NULL, NULL),
(229, 214, 2, 0.00, NULL, NULL),
(230, 215, 2, 0.00, NULL, NULL),
(231, 216, 2, 0.00, NULL, NULL),
(232, 217, 2, 0.00, NULL, NULL),
(233, 218, 2, 0.00, NULL, NULL),
(234, 219, 2, 0.00, NULL, NULL),
(235, 220, 2, 0.00, NULL, NULL),
(236, 221, 2, 0.00, NULL, NULL),
(237, 222, 2, 0.00, NULL, NULL),
(238, 223, 2, 0.00, NULL, NULL),
(239, 224, 2, 0.00, NULL, NULL),
(240, 225, 2, 0.00, NULL, NULL),
(241, 226, 2, 0.00, NULL, NULL),
(242, 227, 2, 0.00, NULL, NULL),
(243, 228, 2, 0.00, NULL, NULL),
(244, 229, 2, 0.00, NULL, NULL),
(245, 230, 2, 0.00, NULL, NULL),
(247, 232, 2, 0.00, NULL, NULL),
(248, 233, 2, 0.00, NULL, NULL),
(249, 234, 2, 0.00, NULL, NULL),
(250, 235, 2, 0.00, NULL, NULL),
(251, 236, 2, 0.00, NULL, NULL),
(252, 237, 2, 0.00, NULL, NULL),
(254, 238, 2, 0.00, NULL, NULL),
(255, 231, 2, 0.00, NULL, NULL),
(256, 239, 2, 0.00, NULL, NULL),
(257, 240, 2, 0.00, NULL, NULL),
(258, 241, 2, 0.00, NULL, NULL),
(259, 242, 2, 0.00, NULL, NULL),
(260, 243, 2, 0.00, NULL, NULL),
(261, 244, 2, 0.00, NULL, NULL),
(262, 245, 2, 0.00, NULL, NULL),
(263, 246, 2, 0.00, NULL, NULL),
(264, 247, 2, 0.00, NULL, NULL),
(265, 248, 2, 0.00, NULL, NULL),
(266, 249, 2, 0.00, NULL, NULL),
(267, 250, 2, 0.00, NULL, NULL),
(268, 251, 2, 0.00, NULL, NULL),
(270, 252, 2, 0.00, NULL, NULL),
(271, 253, 2, 0.00, NULL, NULL),
(272, 254, 2, 0.00, NULL, NULL),
(273, 255, 2, 0.00, NULL, NULL),
(274, 256, 2, 0.00, NULL, NULL),
(275, 257, 2, 0.00, NULL, NULL),
(276, 258, 2, 0.00, NULL, NULL),
(277, 259, 2, 0.00, NULL, NULL),
(278, 260, 2, 0.00, NULL, NULL),
(279, 261, 2, 0.00, NULL, NULL),
(280, 262, 2, 0.00, NULL, NULL),
(281, 263, 2, 0.00, NULL, NULL),
(282, 264, 2, 0.00, NULL, NULL),
(283, 265, 2, 0.00, NULL, NULL),
(284, 266, 2, 0.00, NULL, NULL),
(285, 267, 2, 0.00, NULL, NULL),
(286, 268, 2, 0.00, NULL, NULL),
(287, 269, 2, 0.00, NULL, NULL),
(288, 270, 2, 0.00, NULL, NULL),
(289, 271, 2, 0.00, NULL, NULL),
(290, 272, 2, 0.00, NULL, NULL),
(291, 273, 2, 0.00, NULL, NULL),
(292, 274, 2, 0.00, NULL, NULL),
(294, 276, 2, 0.00, NULL, NULL),
(295, 277, 2, 0.00, NULL, NULL),
(296, 278, 2, 0.00, NULL, NULL),
(297, 279, 2, 0.00, NULL, NULL),
(298, 280, 2, 0.00, NULL, NULL),
(299, 281, 2, 0.00, NULL, NULL),
(300, 282, 2, 0.00, NULL, NULL),
(301, 283, 2, 0.00, NULL, NULL),
(302, 284, 2, 0.00, NULL, NULL),
(303, 285, 2, 0.00, NULL, NULL),
(304, 286, 2, 0.00, NULL, NULL),
(305, 287, 2, 0.00, NULL, NULL),
(306, 288, 2, 0.00, NULL, NULL),
(307, 289, 2, 0.00, NULL, NULL),
(308, 290, 2, 0.00, NULL, NULL),
(309, 291, 2, 0.00, NULL, NULL),
(310, 292, 2, 0.00, NULL, NULL),
(311, 293, 2, 0.00, NULL, NULL),
(312, 294, 2, 0.00, NULL, NULL),
(313, 295, 2, 0.00, NULL, NULL),
(314, 296, 2, 0.00, NULL, NULL),
(315, 297, 2, 0.00, NULL, NULL),
(316, 298, 2, 0.00, NULL, NULL),
(317, 299, 2, 0.00, NULL, NULL),
(318, 300, 2, 0.00, NULL, NULL),
(319, 301, 2, 0.00, NULL, NULL),
(320, 302, 2, 0.00, NULL, NULL),
(321, 303, 2, 0.00, NULL, NULL),
(322, 304, 2, 0.00, NULL, NULL),
(323, 305, 2, 0.00, NULL, NULL),
(324, 306, 2, 0.00, NULL, NULL),
(326, 307, 2, 0.00, NULL, NULL),
(327, 308, 2, 0.00, NULL, NULL),
(328, 309, 2, 0.00, NULL, NULL),
(329, 310, 2, 0.00, NULL, NULL),
(330, 311, 2, 0.00, NULL, NULL),
(331, 312, 2, 0.00, NULL, NULL),
(332, 313, 2, 0.00, NULL, NULL),
(333, 314, 2, 0.00, NULL, NULL),
(334, 315, 2, 0.00, NULL, NULL),
(335, 316, 2, 0.00, NULL, NULL),
(336, 317, 2, 0.00, NULL, NULL),
(337, 318, 3, 0.00, NULL, NULL),
(338, 319, 2, 0.00, NULL, NULL),
(339, 320, 2, 0.00, NULL, NULL),
(340, 321, 2, 0.00, NULL, NULL),
(341, 322, 2, 0.00, NULL, NULL),
(342, 323, 2, 0.00, NULL, NULL),
(343, 324, 2, 0.00, NULL, NULL),
(344, 325, 2, 0.00, NULL, NULL),
(345, 326, 2, 0.00, NULL, NULL),
(346, 327, 2, 0.00, NULL, NULL),
(347, 328, 2, 0.00, NULL, NULL),
(348, 329, 2, 0.00, NULL, NULL),
(349, 330, 2, 0.00, NULL, NULL),
(350, 331, 2, 0.00, NULL, NULL),
(351, 332, 2, 0.00, NULL, NULL),
(352, 333, 2, 0.00, NULL, NULL),
(353, 334, 2, 0.00, NULL, NULL),
(354, 335, 2, 0.00, NULL, NULL),
(355, 336, 2, 0.00, NULL, NULL),
(356, 337, 2, 0.00, NULL, NULL),
(357, 338, 2, 0.00, NULL, NULL),
(358, 339, 2, 0.00, NULL, NULL),
(359, 340, 2, 0.00, NULL, NULL),
(360, 341, 2, 0.00, NULL, NULL),
(361, 342, 2, 0.00, NULL, NULL),
(362, 343, 2, 0.00, NULL, NULL),
(363, 344, 2, 0.00, NULL, NULL),
(364, 345, 2, 0.00, NULL, NULL),
(365, 346, 2, 0.00, NULL, NULL),
(366, 347, 2, 0.00, NULL, NULL),
(367, 348, 2, 0.00, NULL, NULL),
(368, 349, 2, 0.00, NULL, NULL),
(369, 350, 2, 0.00, NULL, NULL),
(370, 351, 2, 0.00, NULL, NULL),
(371, 352, 2, 0.00, NULL, NULL),
(372, 353, 2, 0.00, NULL, NULL),
(373, 354, 2, 0.00, NULL, NULL),
(374, 355, 2, 0.00, NULL, NULL),
(375, 356, 2, 0.00, NULL, NULL),
(376, 357, 2, 0.00, NULL, NULL),
(377, 358, 2, 0.00, NULL, NULL),
(378, 359, 2, 0.00, NULL, NULL),
(379, 360, 2, 0.00, NULL, NULL),
(380, 361, 2, 0.00, NULL, NULL),
(381, 362, 2, 0.00, NULL, NULL),
(382, 363, 2, 0.00, NULL, NULL),
(383, 364, 2, 0.00, NULL, NULL),
(384, 365, 2, 0.00, NULL, NULL),
(385, 366, 2, 0.00, NULL, NULL),
(386, 367, 2, 0.00, NULL, NULL),
(387, 368, 2, 0.00, NULL, NULL),
(388, 369, 2, 0.00, NULL, NULL),
(389, 370, 2, 0.00, NULL, NULL),
(390, 371, 2, 0.00, NULL, NULL),
(391, 372, 2, 0.00, NULL, NULL),
(392, 373, 2, 0.00, NULL, NULL),
(393, 374, 2, 0.00, NULL, NULL),
(394, 375, 2, 0.00, NULL, NULL),
(395, 376, 2, 0.00, NULL, NULL),
(396, 377, 2, 0.00, NULL, NULL),
(397, 378, 2, 0.00, NULL, NULL),
(398, 379, 2, 0.00, NULL, NULL),
(399, 380, 2, 0.00, NULL, NULL),
(400, 381, 2, 0.00, NULL, NULL),
(401, 382, 2, 0.00, NULL, NULL),
(402, 383, 2, 0.00, NULL, NULL),
(403, 384, 2, 0.00, NULL, NULL),
(404, 385, 2, 0.00, NULL, NULL),
(405, 386, 2, 0.00, NULL, NULL),
(406, 387, 2, 0.00, NULL, NULL),
(407, 388, 2, 0.00, NULL, NULL),
(408, 389, 2, 0.00, NULL, NULL),
(409, 390, 2, 0.00, NULL, NULL),
(410, 391, 2, 0.00, NULL, NULL),
(411, 392, 2, 0.00, NULL, NULL),
(412, 393, 2, 0.00, NULL, NULL),
(413, 394, 2, 0.00, NULL, NULL),
(414, 395, 2, 0.00, NULL, NULL),
(415, 396, 2, 0.00, NULL, NULL),
(416, 397, 2, 0.00, NULL, NULL),
(417, 398, 2, 0.00, NULL, NULL),
(418, 399, 2, 0.00, NULL, NULL),
(419, 400, 2, 0.00, NULL, NULL),
(421, 402, 2, 0.00, NULL, NULL),
(422, 403, 2, 0.00, NULL, NULL),
(423, 404, 2, 0.00, NULL, NULL),
(424, 405, 2, 0.00, NULL, NULL),
(425, 406, 2, 0.00, NULL, NULL),
(426, 407, 2, 0.00, NULL, NULL),
(427, 408, 2, 0.00, NULL, NULL),
(428, 409, 2, 0.00, NULL, NULL),
(429, 410, 2, 0.00, NULL, NULL),
(430, 411, 2, 0.00, NULL, NULL),
(431, 412, 2, 0.00, NULL, NULL),
(432, 413, 2, 0.00, NULL, NULL),
(433, 414, 2, 0.00, NULL, NULL),
(434, 415, 2, 0.00, NULL, NULL),
(435, 416, 2, 0.00, NULL, NULL),
(436, 417, 2, 0.00, NULL, NULL),
(437, 418, 2, 0.00, NULL, NULL),
(438, 419, 2, 0.00, NULL, NULL),
(439, 420, 2, 0.00, NULL, NULL),
(440, 421, 2, 0.00, NULL, NULL),
(441, 422, 2, 0.00, NULL, NULL),
(442, 423, 2, 0.00, NULL, NULL),
(443, 424, 2, 0.00, NULL, NULL),
(444, 425, 2, 0.00, NULL, NULL),
(445, 426, 2, 0.00, NULL, NULL),
(446, 427, 2, 0.00, NULL, NULL),
(447, 428, 2, 0.00, NULL, NULL),
(448, 429, 2, 0.00, NULL, NULL),
(449, 430, 2, 0.00, NULL, NULL),
(450, 431, 2, 0.00, NULL, NULL),
(451, 432, 2, 0.00, NULL, NULL),
(452, 433, 2, 0.00, NULL, NULL),
(453, 434, 2, 0.00, NULL, NULL),
(454, 435, 2, 0.00, NULL, NULL),
(455, 436, 2, 0.00, NULL, NULL),
(456, 437, 2, 0.00, NULL, NULL),
(457, 438, 2, 0.00, NULL, NULL),
(458, 439, 2, 0.00, NULL, NULL),
(459, 440, 2, 0.00, NULL, NULL),
(460, 441, 2, 0.00, NULL, NULL),
(461, 442, 2, 0.00, NULL, NULL),
(462, 443, 2, 0.00, NULL, NULL),
(463, 444, 2, 0.00, NULL, NULL),
(464, 445, 2, 0.00, NULL, NULL),
(465, 446, 2, 0.00, NULL, NULL),
(466, 447, 2, 0.00, NULL, NULL),
(467, 448, 2, 0.00, NULL, NULL),
(468, 449, 2, 0.00, NULL, NULL),
(469, 450, 2, 0.00, NULL, NULL),
(470, 451, 2, 0.00, NULL, NULL),
(471, 452, 2, 0.00, NULL, NULL),
(472, 453, 2, 0.00, NULL, NULL),
(473, 454, 2, 0.00, NULL, NULL),
(474, 455, 2, 0.00, NULL, NULL),
(475, 456, 2, 0.00, NULL, NULL),
(476, 457, 2, 0.00, NULL, NULL),
(477, 458, 2, 0.00, NULL, NULL),
(478, 459, 2, 0.00, NULL, NULL),
(479, 460, 2, 0.00, NULL, NULL),
(480, 461, 2, 0.00, NULL, NULL),
(481, 462, 2, 0.00, NULL, NULL),
(483, 464, 2, 0.00, NULL, NULL),
(484, 463, 2, 0.00, NULL, NULL),
(485, 465, 2, 0.00, NULL, NULL),
(486, 466, 2, 0.00, NULL, NULL),
(489, 467, 2, 0.00, NULL, NULL),
(490, 468, 2, 0.00, NULL, NULL),
(491, 469, 2, 0.00, NULL, NULL),
(492, 470, 2, 0.00, NULL, NULL),
(493, 471, 2, 0.00, NULL, NULL),
(494, 472, 2, 0.00, NULL, NULL),
(495, 473, 2, 0.00, NULL, NULL),
(496, 474, 2, 0.00, NULL, NULL),
(497, 475, 2, 0.00, NULL, NULL),
(498, 476, 2, 0.00, NULL, NULL),
(499, 477, 2, 0.00, NULL, NULL),
(500, 478, 2, 0.00, NULL, NULL),
(501, 479, 2, 0.00, NULL, NULL),
(502, 480, 2, 0.00, NULL, NULL),
(503, 481, 2, 0.00, NULL, NULL),
(504, 482, 2, 0.00, NULL, NULL),
(505, 483, 2, 0.00, NULL, NULL),
(506, 484, 2, 0.00, NULL, NULL),
(507, 485, 2, 0.00, NULL, NULL),
(508, 486, 2, 0.00, NULL, NULL),
(509, 487, 2, 0.00, NULL, NULL),
(510, 488, 2, 0.00, NULL, NULL),
(511, 489, 2, 0.00, NULL, NULL),
(512, 490, 2, 0.00, NULL, NULL),
(513, 491, 2, 0.00, NULL, NULL),
(514, 492, 2, 0.00, NULL, NULL),
(515, 493, 2, 0.00, NULL, NULL),
(516, 494, 2, 0.00, NULL, NULL),
(517, 495, 2, 0.00, NULL, NULL),
(518, 496, 2, 0.00, NULL, NULL),
(519, 497, 2, 0.00, NULL, NULL),
(520, 498, 2, 0.00, NULL, NULL),
(521, 499, 2, 0.00, NULL, NULL),
(522, 500, 2, 0.00, NULL, NULL),
(523, 501, 2, 0.00, NULL, NULL),
(524, 502, 2, 0.00, NULL, NULL),
(525, 503, 2, 0.00, NULL, NULL),
(527, 505, 2, 0.00, NULL, NULL),
(528, 504, 2, 0.00, NULL, NULL),
(529, 506, 2, 0.00, NULL, NULL),
(530, 507, 2, 0.00, NULL, NULL),
(532, 508, 2, 0.00, NULL, NULL),
(533, 509, 2, 0.00, NULL, NULL),
(534, 510, 2, 0.00, NULL, NULL),
(535, 511, 2, 0.00, NULL, NULL),
(536, 512, 2, 0.00, NULL, NULL),
(537, 513, 2, 0.00, NULL, NULL),
(538, 514, 2, 0.00, NULL, NULL),
(539, 515, 2, 0.00, NULL, NULL),
(540, 516, 2, 0.00, NULL, NULL),
(541, 517, 2, 0.00, NULL, NULL),
(542, 518, 2, 0.00, NULL, NULL),
(543, 519, 2, 0.00, NULL, NULL),
(544, 520, 2, 0.00, NULL, NULL),
(545, 521, 2, 0.00, NULL, NULL),
(546, 522, 2, 0.00, NULL, NULL),
(547, 523, 2, 0.00, NULL, NULL),
(548, 524, 2, 0.00, NULL, NULL),
(549, 525, 2, 0.00, NULL, NULL),
(550, 526, 2, 0.00, NULL, NULL),
(551, 527, 2, 0.00, NULL, NULL),
(552, 528, 2, 0.00, NULL, NULL),
(553, 529, 2, 0.00, NULL, NULL),
(554, 530, 2, 0.00, NULL, NULL),
(555, 531, 2, 0.00, NULL, NULL),
(556, 532, 2, 0.00, NULL, NULL),
(557, 533, 2, 0.00, NULL, NULL),
(558, 534, 2, 0.00, NULL, NULL),
(559, 535, 2, 0.00, NULL, NULL),
(560, 536, 2, 0.00, NULL, NULL),
(561, 537, 2, 0.00, NULL, NULL),
(562, 538, 2, 0.00, NULL, NULL),
(563, 539, 2, 0.00, NULL, NULL),
(564, 540, 2, 0.00, NULL, NULL),
(565, 541, 2, 0.00, NULL, NULL),
(566, 542, 2, 0.00, NULL, NULL),
(567, 543, 2, 0.00, NULL, NULL),
(568, 544, 2, 0.00, NULL, NULL),
(569, 545, 2, 0.00, NULL, NULL),
(570, 546, 2, 0.00, NULL, NULL),
(571, 547, 2, 0.00, NULL, NULL),
(572, 548, 2, 0.00, NULL, NULL),
(573, 549, 2, 0.00, NULL, NULL),
(574, 550, 2, 0.00, NULL, NULL),
(575, 551, 2, 0.00, NULL, NULL),
(576, 552, 2, 0.00, NULL, NULL),
(577, 553, 2, 0.00, NULL, NULL),
(578, 554, 2, 0.00, NULL, NULL),
(579, 555, 2, 0.00, NULL, NULL),
(580, 556, 2, 0.00, NULL, NULL),
(581, 557, 2, 0.00, NULL, NULL),
(582, 558, 2, 0.00, NULL, NULL),
(583, 559, 2, 0.00, NULL, NULL),
(584, 560, 2, 0.00, NULL, NULL),
(585, 561, 2, 0.00, NULL, NULL),
(586, 562, 2, 0.00, NULL, NULL),
(587, 563, 2, 0.00, NULL, NULL),
(588, 564, 2, 0.00, NULL, NULL),
(589, 565, 2, 0.00, NULL, NULL),
(590, 566, 2, 0.00, NULL, NULL),
(591, 567, 2, 0.00, NULL, NULL),
(592, 568, 2, 0.00, NULL, NULL),
(593, 569, 2, 0.00, NULL, NULL),
(594, 570, 2, 0.00, NULL, NULL),
(595, 571, 2, 0.00, NULL, NULL),
(596, 572, 2, 0.00, NULL, NULL),
(597, 573, 2, 0.00, NULL, NULL),
(598, 574, 2, 0.00, NULL, NULL),
(599, 575, 2, 0.00, NULL, NULL),
(600, 576, 2, 0.00, NULL, NULL),
(601, 577, 2, 0.00, NULL, NULL),
(602, 578, 2, 0.00, NULL, NULL),
(603, 579, 2, 0.00, NULL, NULL),
(604, 580, 2, 0.00, NULL, NULL),
(605, 581, 2, 0.00, NULL, NULL),
(606, 582, 2, 0.00, NULL, NULL),
(607, 583, 2, 0.00, NULL, NULL),
(608, 584, 2, 0.00, NULL, NULL),
(609, 585, 2, 0.00, NULL, NULL),
(610, 586, 2, 0.00, NULL, NULL),
(611, 587, 2, 0.00, NULL, NULL),
(612, 588, 2, 0.00, NULL, NULL),
(613, 589, 2, 0.00, NULL, NULL),
(614, 590, 2, 0.00, NULL, NULL),
(615, 591, 2, 0.00, NULL, NULL),
(616, 592, 2, 0.00, NULL, NULL),
(617, 593, 2, 0.00, NULL, NULL),
(618, 594, 2, 0.00, NULL, NULL),
(619, 595, 2, 0.00, NULL, NULL),
(620, 596, 2, 0.00, NULL, NULL),
(621, 597, 2, 0.00, NULL, NULL),
(622, 598, 2, 0.00, NULL, NULL),
(624, 599, 2, 0.00, NULL, NULL),
(626, 600, 2, 0.00, NULL, NULL),
(627, 601, 2, 0.00, NULL, NULL),
(628, 602, 2, 0.00, NULL, NULL),
(629, 603, 2, 0.00, NULL, NULL),
(630, 604, 2, 0.00, NULL, NULL),
(631, 605, 2, 0.00, NULL, NULL),
(632, 606, 2, 0.00, NULL, NULL),
(633, 607, 2, 0.00, NULL, NULL),
(634, 608, 2, 0.00, NULL, NULL),
(635, 609, 2, 0.00, NULL, NULL),
(636, 610, 2, 0.00, NULL, NULL),
(637, 611, 2, 0.00, NULL, NULL),
(638, 612, 2, 0.00, NULL, NULL),
(639, 613, 2, 0.00, NULL, NULL),
(640, 614, 2, 0.00, NULL, NULL),
(641, 615, 2, 0.00, NULL, NULL),
(642, 616, 2, 0.00, NULL, NULL),
(643, 617, 2, 0.00, NULL, NULL),
(644, 618, 2, 0.00, NULL, NULL),
(645, 619, 2, 0.00, NULL, NULL),
(646, 620, 2, 0.00, NULL, NULL),
(647, 621, 2, 0.00, NULL, NULL),
(648, 622, 2, 0.00, NULL, NULL),
(649, 623, 2, 0.00, NULL, NULL),
(650, 624, 2, 0.00, NULL, NULL),
(651, 625, 2, 0.00, NULL, NULL),
(652, 626, 2, 0.00, NULL, NULL),
(653, 627, 2, 0.00, NULL, NULL),
(654, 628, 2, 0.00, NULL, NULL),
(655, 629, 2, 0.00, NULL, NULL),
(656, 630, 2, 0.00, NULL, NULL),
(657, 631, 2, 0.00, NULL, NULL),
(658, 632, 3, 0.00, NULL, NULL),
(660, 634, 3, 0.00, NULL, NULL),
(661, 635, 3, 0.00, NULL, NULL),
(662, 636, 3, 0.00, NULL, NULL),
(663, 637, 3, 0.00, NULL, NULL),
(664, 638, 2, 0.00, NULL, NULL),
(665, 639, 3, 0.00, NULL, NULL),
(666, 640, 3, 0.00, NULL, NULL),
(667, 641, 3, 0.00, NULL, NULL),
(668, 642, 3, 0.00, NULL, NULL),
(669, 643, 3, 0.00, NULL, NULL),
(670, 644, 3, 0.00, NULL, NULL),
(671, 645, 3, 0.00, NULL, NULL),
(672, 646, 3, 0.00, NULL, NULL),
(673, 647, 3, 0.00, NULL, NULL),
(674, 648, 3, 0.00, NULL, NULL),
(675, 649, 3, 0.00, NULL, NULL),
(676, 650, 3, 0.00, NULL, NULL),
(677, 651, 3, 0.00, NULL, NULL),
(678, 652, 3, 0.00, NULL, NULL),
(679, 653, 3, 0.00, NULL, NULL),
(680, 654, 3, 0.00, NULL, NULL),
(681, 655, 3, 0.00, NULL, NULL),
(682, 656, 3, 0.00, NULL, NULL),
(683, 657, 3, 0.00, NULL, NULL),
(684, 658, 3, 0.00, NULL, NULL),
(685, 659, 3, 0.00, NULL, NULL),
(686, 660, 3, 0.00, NULL, NULL),
(687, 661, 3, 0.00, NULL, NULL),
(688, 662, 3, 0.00, NULL, NULL),
(689, 663, 3, 0.00, NULL, NULL),
(690, 664, 3, 0.00, NULL, NULL),
(691, 665, 3, 0.00, NULL, NULL),
(692, 666, 3, 0.00, NULL, NULL),
(693, 667, 3, 0.00, NULL, NULL),
(694, 668, 3, 0.00, NULL, NULL),
(695, 669, 3, 0.00, NULL, NULL),
(696, 670, 3, 0.00, NULL, NULL),
(697, 671, 3, 0.00, NULL, NULL),
(698, 672, 3, 0.00, NULL, NULL),
(699, 673, 3, 0.00, NULL, NULL),
(700, 674, 3, 0.00, NULL, NULL),
(701, 675, 3, 0.00, NULL, NULL),
(702, 676, 3, 0.00, NULL, NULL),
(703, 677, 3, 0.00, NULL, NULL),
(704, 678, 3, 0.00, NULL, NULL),
(706, 680, 3, 0.00, NULL, NULL),
(709, 681, 3, 0.00, NULL, NULL),
(710, 682, 3, 0.00, NULL, NULL),
(711, 679, 3, 0.00, NULL, NULL),
(712, 683, 3, 0.00, NULL, NULL),
(713, 684, 3, 0.00, NULL, NULL),
(714, 685, 3, 0.00, NULL, NULL),
(715, 686, 3, 0.00, NULL, NULL),
(716, 687, 2, 0.00, NULL, NULL),
(717, 688, 3, 0.00, NULL, NULL),
(718, 689, 3, 0.00, NULL, NULL),
(719, 690, 3, 0.00, NULL, NULL),
(720, 691, 2, 0.00, NULL, NULL),
(721, 692, 3, 0.00, NULL, NULL),
(722, 693, 3, 0.00, NULL, NULL),
(723, 694, 3, 0.00, NULL, NULL),
(724, 695, 2, 0.00, NULL, NULL),
(725, 696, 3, 0.00, NULL, NULL),
(726, 697, 3, 0.00, NULL, NULL),
(727, 698, 2, 0.00, NULL, NULL),
(728, 699, 3, 0.00, NULL, NULL),
(729, 700, 3, 0.00, NULL, NULL),
(730, 701, 3, 0.00, NULL, NULL),
(731, 702, 3, 0.00, NULL, NULL),
(732, 703, 2, 0.00, NULL, NULL),
(733, 704, 2, 0.00, NULL, NULL),
(734, 705, 2, 0.00, NULL, NULL),
(735, 706, 2, 0.00, NULL, NULL),
(736, 707, 2, 0.00, NULL, NULL),
(737, 708, 3, 0.00, NULL, NULL),
(738, 709, 3, 0.00, NULL, NULL),
(739, 710, 3, 0.00, NULL, NULL),
(740, 711, 3, 0.00, NULL, NULL),
(741, 712, 3, 0.00, NULL, NULL),
(742, 713, 3, 0.00, NULL, NULL),
(743, 714, 3, 0.00, NULL, NULL),
(744, 715, 2, 0.00, NULL, NULL),
(745, 716, 2, 0.00, NULL, NULL),
(746, 717, 2, 0.00, NULL, NULL),
(747, 718, 2, 0.00, NULL, NULL),
(748, 719, 3, 0.00, NULL, NULL),
(749, 720, 3, 0.00, NULL, NULL),
(750, 721, 3, 0.00, NULL, NULL),
(752, 722, 3, 0.00, NULL, NULL),
(753, 723, 3, 0.00, NULL, NULL),
(754, 724, 3, 0.00, NULL, NULL),
(755, 725, 3, 0.00, NULL, NULL),
(756, 726, 3, 0.00, NULL, NULL),
(757, 727, 3, 0.00, NULL, NULL),
(758, 728, 3, 0.00, NULL, NULL),
(759, 729, 3, 0.00, NULL, NULL),
(760, 730, 2, 0.00, NULL, NULL),
(761, 731, 3, 0.00, NULL, NULL),
(762, 732, 3, 0.00, NULL, NULL),
(763, 733, 3, 0.00, NULL, NULL),
(764, 734, 3, 0.00, NULL, NULL),
(765, 735, 3, 0.00, NULL, NULL),
(766, 736, 3, 0.00, NULL, NULL),
(767, 737, 3, 0.00, NULL, NULL),
(768, 738, 2, 0.00, NULL, NULL),
(769, 739, 3, 0.00, NULL, NULL),
(770, 740, 2, 0.00, NULL, NULL),
(771, 741, 2, 0.00, NULL, NULL),
(772, 742, 3, 0.00, NULL, NULL),
(773, 743, 3, 0.00, NULL, NULL),
(774, 744, 3, 0.00, NULL, NULL),
(775, 745, 3, 0.00, NULL, NULL),
(776, 746, 2, 0.00, NULL, NULL),
(777, 747, 3, 0.00, NULL, NULL),
(778, 748, 3, 0.00, NULL, NULL),
(779, 749, 3, 0.00, NULL, NULL),
(780, 750, 2, 0.00, NULL, NULL),
(781, 751, 2, 0.00, NULL, NULL),
(782, 752, 2, 0.00, NULL, NULL),
(783, 753, 3, 0.00, NULL, NULL),
(785, 755, 3, 0.00, NULL, NULL),
(786, 756, 3, 0.00, NULL, NULL),
(788, 758, 3, 0.00, NULL, NULL),
(789, 759, 3, 0.00, NULL, NULL),
(790, 760, 3, 0.00, NULL, NULL),
(792, 761, 3, 0.00, NULL, NULL),
(793, 762, 3, 0.00, NULL, NULL),
(794, 763, 3, 0.00, NULL, NULL),
(795, 764, 2, 0.00, NULL, NULL),
(796, 765, 3, 0.00, NULL, NULL),
(797, 766, 2, 0.00, NULL, NULL),
(798, 767, 2, 0.00, NULL, NULL),
(799, 768, 2, 0.00, NULL, NULL),
(800, 769, 2, 0.00, NULL, NULL),
(801, 770, 2, 0.00, NULL, NULL),
(802, 757, 3, 0.00, NULL, NULL),
(803, 771, 3, 0.00, NULL, NULL),
(804, 772, 3, 0.00, NULL, NULL),
(805, 773, 2, 0.00, NULL, NULL),
(806, 774, 3, 0.00, NULL, NULL),
(807, 775, 3, 0.00, NULL, NULL),
(808, 754, 3, 0.00, NULL, NULL),
(809, 776, 3, 0.00, NULL, NULL),
(810, 777, 3, 0.00, NULL, NULL),
(811, 778, 3, 0.00, NULL, NULL),
(812, 779, 3, 0.00, NULL, NULL),
(813, 780, 3, 0.00, NULL, NULL),
(814, 781, 3, 0.00, NULL, NULL),
(815, 782, 3, 0.00, NULL, NULL),
(816, 783, 3, 0.00, NULL, NULL),
(817, 784, 3, 0.00, NULL, NULL),
(818, 785, 3, 0.00, NULL, NULL),
(819, 786, 2, 0.00, NULL, NULL),
(820, 787, 2, 0.00, NULL, NULL),
(821, 788, 2, 0.00, NULL, NULL),
(822, 789, 2, 0.00, NULL, NULL),
(823, 790, 3, 0.00, NULL, NULL),
(824, 791, 2, 0.00, NULL, NULL),
(826, 793, 2, 0.00, NULL, NULL),
(827, 794, 2, 0.00, NULL, NULL),
(828, 795, 2, 0.00, NULL, NULL),
(829, 796, 2, 0.00, NULL, NULL),
(830, 797, 2, 0.00, NULL, NULL),
(831, 798, 2, 0.00, NULL, NULL),
(832, 799, 2, 0.00, NULL, NULL),
(833, 800, 2, 0.00, NULL, NULL),
(834, 801, 2, 0.00, NULL, NULL),
(835, 802, 2, 0.00, NULL, NULL),
(836, 803, 3, 0.00, NULL, NULL),
(837, 804, 3, 0.00, NULL, NULL),
(838, 805, 3, 0.00, NULL, NULL),
(839, 806, 3, 0.00, NULL, NULL),
(840, 807, 3, 0.00, NULL, NULL),
(841, 808, 3, 0.00, NULL, NULL),
(842, 809, 2, 0.00, NULL, NULL),
(843, 810, 3, 0.00, NULL, NULL),
(844, 811, 2, 0.00, NULL, NULL),
(845, 812, 3, 0.00, NULL, NULL),
(846, 813, 3, 0.00, NULL, NULL),
(847, 814, 2, 0.00, NULL, NULL),
(848, 815, 2, 0.00, NULL, NULL),
(849, 816, 3, 0.00, NULL, NULL),
(850, 633, 3, 0.00, NULL, NULL),
(851, 817, 3, 0.00, NULL, NULL),
(852, 818, 3, 0.00, NULL, NULL),
(853, 819, 2, 0.00, NULL, NULL),
(854, 820, 3, 0.00, NULL, NULL),
(856, 822, 3, 0.00, NULL, NULL),
(857, 823, 2, 0.00, NULL, NULL),
(858, 824, 2, 0.00, NULL, NULL),
(859, 825, 3, 0.00, NULL, NULL),
(860, 826, 3, 0.00, NULL, NULL),
(861, 827, 3, 0.00, NULL, NULL),
(862, 828, 3, 0.00, NULL, NULL),
(863, 829, 3, 0.00, NULL, NULL),
(864, 830, 3, 0.00, NULL, NULL),
(865, 831, 3, 0.00, NULL, NULL),
(866, 833, 3, 0.00, NULL, NULL),
(868, 792, 2, 0.00, NULL, NULL),
(869, 835, 3, 0.00, NULL, NULL),
(870, 836, 3, 0.00, NULL, NULL),
(871, 837, 3, 0.00, NULL, NULL),
(872, 838, 3, 0.00, NULL, NULL),
(873, 839, 3, 0.00, NULL, NULL),
(874, 840, 3, 0.00, NULL, NULL),
(875, 841, 3, 0.00, NULL, NULL),
(876, 842, 3, 0.00, NULL, NULL),
(877, 843, 3, 0.00, NULL, NULL),
(878, 844, 2, 0.00, NULL, NULL),
(879, 845, 2, 0.00, NULL, NULL),
(880, 846, 3, 0.00, NULL, NULL),
(881, 847, 3, 0.00, NULL, NULL),
(882, 848, 3, 0.00, NULL, NULL),
(883, 849, 3, 0.00, NULL, NULL),
(884, 850, 3, 0.00, NULL, NULL),
(885, 851, 3, 0.00, NULL, NULL),
(887, 852, 3, 0.00, NULL, NULL),
(888, 853, 2, 0.00, NULL, NULL),
(889, 854, 2, 0.00, NULL, NULL),
(890, 855, 2, 0.00, NULL, NULL),
(891, 856, 2, 0.00, NULL, NULL),
(892, 857, 2, 0.00, NULL, NULL),
(893, 858, 2, 0.00, NULL, NULL),
(894, 859, 3, 0.00, NULL, NULL),
(895, 860, 3, 0.00, NULL, NULL),
(896, 861, 3, 0.00, NULL, NULL),
(897, 862, 3, 0.00, NULL, NULL),
(898, 863, 3, 0.00, NULL, NULL),
(899, 864, 3, 0.00, NULL, NULL),
(900, 865, 3, 0.00, NULL, NULL),
(901, 866, 3, 0.00, NULL, NULL),
(902, 867, 3, 0.00, NULL, NULL),
(903, 868, 3, 0.00, NULL, NULL),
(904, 869, 3, 0.00, NULL, NULL),
(905, 870, 3, 0.00, NULL, NULL),
(906, 871, 3, 0.00, NULL, NULL),
(907, 872, 3, 0.00, NULL, NULL),
(908, 873, 3, 0.00, NULL, NULL),
(909, 874, 3, 0.00, NULL, NULL),
(910, 875, 3, 0.00, NULL, NULL),
(911, 876, 3, 0.00, NULL, NULL),
(912, 877, 3, 0.00, NULL, NULL),
(913, 878, 3, 0.00, NULL, NULL),
(914, 879, 3, 0.00, NULL, NULL),
(915, 880, 3, 0.00, NULL, NULL),
(916, 881, 2, 0.00, NULL, NULL),
(917, 882, 3, 0.00, NULL, NULL),
(918, 883, 2, 0.00, NULL, NULL),
(919, 884, 2, 0.00, NULL, NULL),
(920, 885, 3, 0.00, NULL, NULL),
(921, 886, 3, 0.00, NULL, NULL),
(922, 887, 3, 0.00, NULL, NULL),
(923, 888, 2, 0.00, NULL, NULL),
(924, 889, 2, 0.00, NULL, NULL),
(925, 890, 2, 0.00, NULL, NULL),
(926, 891, 3, 0.00, NULL, NULL),
(927, 892, 3, 0.00, NULL, NULL),
(928, 893, 3, 0.00, NULL, NULL),
(929, 896, 3, 0.00, NULL, NULL),
(930, 897, 2, 0.00, NULL, NULL),
(931, 898, 3, 0.00, NULL, NULL),
(932, 899, 3, 0.00, NULL, NULL),
(933, 900, 3, 0.00, NULL, NULL),
(934, 901, 3, 0.00, NULL, NULL),
(935, 902, 3, 0.00, NULL, NULL),
(936, 903, 2, 0.00, NULL, NULL),
(937, 904, 3, 0.00, NULL, NULL),
(938, 905, 3, 0.00, NULL, NULL),
(939, 906, 3, 0.00, NULL, NULL),
(940, 907, 3, 0.00, NULL, NULL),
(941, 908, 3, 0.00, NULL, NULL),
(942, 909, 3, 0.00, NULL, NULL),
(943, 910, 3, 0.00, NULL, NULL),
(944, 911, 3, 0.00, NULL, NULL),
(945, 912, 3, 0.00, NULL, NULL),
(946, 913, 3, 0.00, NULL, NULL),
(947, 914, 3, 0.00, NULL, NULL),
(948, 915, 2, 0.00, NULL, NULL),
(949, 917, 3, 0.00, NULL, NULL),
(950, 918, 2, 0.00, NULL, NULL),
(951, 919, 3, 0.00, NULL, NULL),
(952, 920, 3, 0.00, NULL, NULL),
(953, 921, 3, 0.00, NULL, NULL),
(954, 922, 3, 0.00, NULL, NULL),
(955, 923, 3, 0.00, NULL, NULL),
(956, 924, 3, 0.00, NULL, NULL),
(957, 925, 3, 0.00, NULL, NULL),
(958, 926, 3, 0.00, NULL, NULL),
(959, 927, 3, 0.00, NULL, NULL),
(960, 928, 3, 0.00, NULL, NULL),
(961, 929, 3, 0.00, NULL, NULL),
(962, 930, 2, 0.00, NULL, NULL),
(963, 931, 2, 0.00, NULL, NULL),
(964, 932, 3, 0.00, NULL, NULL),
(965, 933, 2, 0.00, NULL, NULL),
(966, 934, 3, 0.00, NULL, NULL),
(967, 935, 3, 0.00, NULL, NULL),
(968, 936, 3, 0.00, NULL, NULL),
(969, 937, 3, 0.00, NULL, NULL),
(970, 938, 3, 0.00, NULL, NULL),
(971, 939, 3, 0.00, NULL, NULL),
(972, 940, 3, 0.00, NULL, NULL),
(973, 941, 3, 0.00, NULL, NULL),
(974, 942, 3, 0.00, NULL, NULL),
(975, 943, 3, 0.00, NULL, NULL),
(976, 944, 3, 0.00, NULL, NULL),
(977, 945, 3, 0.00, NULL, NULL),
(978, 946, 3, 0.00, NULL, NULL),
(979, 947, 3, 0.00, NULL, NULL),
(980, 948, 3, 0.00, NULL, NULL),
(981, 949, 3, 0.00, NULL, NULL),
(982, 950, 3, 0.00, NULL, NULL),
(983, 951, 3, 0.00, NULL, NULL),
(984, 952, 3, 0.00, NULL, NULL),
(985, 953, 3, 0.00, NULL, NULL),
(986, 954, 2, 0.00, NULL, NULL),
(987, 955, 2, 0.00, NULL, NULL),
(988, 956, 3, 0.00, NULL, NULL),
(989, 957, 3, 0.00, NULL, NULL),
(990, 958, 3, 0.00, NULL, NULL),
(991, 959, 3, 0.00, NULL, NULL),
(992, 961, 3, 0.00, NULL, NULL),
(993, 962, 3, 0.00, NULL, NULL),
(994, 963, 3, 0.00, NULL, NULL),
(995, 964, 3, 0.00, NULL, NULL),
(996, 965, 3, 0.00, NULL, NULL),
(997, 966, 3, 0.00, NULL, NULL),
(998, 969, 3, 0.00, NULL, NULL),
(999, 970, 3, 0.00, NULL, NULL),
(1000, 971, 3, 0.00, NULL, NULL),
(1001, 972, 2, 0.00, NULL, NULL),
(1002, 973, 2, 0.00, NULL, NULL),
(1003, 974, 2, 0.00, NULL, NULL),
(1004, 975, 2, 0.00, NULL, NULL),
(1005, 977, 2, 0.00, NULL, NULL),
(1006, 978, 3, 0.00, NULL, NULL),
(1007, 979, 3, 0.00, NULL, NULL),
(1008, 980, 3, 0.00, NULL, NULL),
(1009, 981, 3, 0.00, NULL, NULL),
(1010, 982, 3, 0.00, NULL, NULL),
(1011, 983, 3, 0.00, NULL, NULL),
(1012, 984, 3, 0.00, NULL, NULL),
(1013, 985, 3, 0.00, NULL, NULL),
(1014, 986, 3, 0.00, NULL, NULL),
(1015, 987, 3, 0.00, NULL, NULL),
(1016, 988, 3, 0.00, NULL, NULL),
(1017, 989, 3, 0.00, NULL, NULL),
(1018, 990, 3, 0.00, NULL, NULL),
(1019, 991, 3, 0.00, NULL, NULL),
(1020, 992, 3, 0.00, NULL, NULL),
(1021, 993, 3, 0.00, NULL, NULL),
(1022, 994, 3, 0.00, NULL, NULL),
(1023, 995, 3, 0.00, NULL, NULL),
(1024, 996, 3, 0.00, NULL, NULL),
(1025, 997, 3, 0.00, NULL, NULL),
(1026, 998, 3, 0.00, NULL, NULL),
(1027, 999, 3, 0.00, NULL, NULL),
(1028, 1000, 3, 0.00, NULL, NULL),
(1029, 1001, 3, 0.00, NULL, NULL),
(1030, 1002, 2, 0.00, NULL, NULL),
(1031, 1003, 2, 0.00, NULL, NULL),
(1032, 1004, 2, 0.00, NULL, NULL),
(1033, 1005, 2, 0.00, NULL, NULL),
(1034, 1006, 2, 0.00, NULL, NULL),
(1035, 1007, 3, 0.00, NULL, NULL),
(1036, 1008, 3, 0.00, NULL, NULL),
(1037, 1009, 3, 0.00, NULL, NULL),
(1038, 1010, 3, 0.00, NULL, NULL),
(1039, 1011, 3, 0.00, NULL, NULL),
(1040, 1012, 3, 0.00, NULL, NULL),
(1041, 1013, 3, 0.00, NULL, NULL),
(1042, 1016, 3, 0.00, NULL, NULL),
(1043, 1017, 3, 0.00, NULL, NULL),
(1044, 1018, 2, 0.00, NULL, NULL),
(1045, 1019, 3, 0.00, NULL, NULL),
(1046, 1020, 3, 0.00, NULL, NULL),
(1047, 1021, 3, 0.00, NULL, NULL),
(1048, 1022, 3, 0.00, NULL, NULL),
(1049, 1023, 3, 0.00, NULL, NULL),
(1050, 1024, 3, 0.00, NULL, NULL),
(1051, 1025, 3, 0.00, NULL, NULL),
(1052, 1026, 3, 0.00, NULL, NULL),
(1053, 1027, 3, 0.00, NULL, NULL),
(1054, 1028, 3, 0.00, NULL, NULL),
(1055, 1029, 2, 0.00, NULL, NULL),
(1056, 1030, 2, 0.00, NULL, NULL),
(1057, 1031, 2, 0.00, NULL, NULL),
(1058, 1032, 3, 0.00, NULL, NULL),
(1059, 1033, 3, 0.00, NULL, NULL),
(1060, 1034, 2, 0.00, NULL, NULL),
(1061, 1035, 3, 0.00, NULL, NULL),
(1062, 1036, 3, 0.00, NULL, NULL),
(1063, 1037, 3, 0.00, NULL, NULL),
(1064, 1038, 3, 0.00, NULL, NULL),
(1065, 1039, 3, 0.00, NULL, NULL),
(1066, 1040, 3, 0.00, NULL, NULL),
(1067, 1041, 3, 0.00, NULL, NULL),
(1068, 1042, 3, 0.00, NULL, NULL),
(1069, 1043, 3, 0.00, NULL, NULL),
(1070, 1044, 3, 0.00, NULL, NULL),
(1071, 1045, 3, 0.00, NULL, NULL),
(1072, 1048, 3, 0.00, NULL, NULL),
(1073, 1049, 3, 0.00, NULL, NULL),
(1074, 1050, 3, 0.00, NULL, NULL),
(1075, 1051, 3, 0.00, NULL, NULL),
(1076, 1052, 3, 0.00, NULL, NULL),
(1077, 1053, 2, 0.00, NULL, NULL),
(1078, 1054, 2, 0.00, NULL, NULL),
(1079, 1055, 2, 0.00, NULL, NULL),
(1080, 1056, 2, 0.00, NULL, NULL),
(1081, 1057, 2, 0.00, NULL, NULL),
(1082, 1058, 3, 0.00, NULL, NULL),
(1083, 1059, 3, 0.00, NULL, NULL),
(1084, 1060, 3, 0.00, NULL, NULL),
(1085, 1061, 3, 0.00, NULL, NULL),
(1086, 1062, 3, 0.00, NULL, NULL),
(1087, 1063, 3, 0.00, NULL, NULL),
(1088, 1064, 3, 0.00, NULL, NULL),
(1089, 1065, 3, 0.00, NULL, NULL),
(1090, 1066, 3, 0.00, NULL, NULL),
(1091, 1067, 2, 0.00, NULL, NULL),
(1092, 1068, 3, 0.00, NULL, NULL),
(1093, 1069, 2, 0.00, NULL, NULL),
(1094, 1070, 2, 0.00, NULL, NULL),
(1095, 1071, 3, 0.00, NULL, NULL),
(1096, 1072, 2, 0.00, NULL, NULL),
(1097, 1073, 2, 0.00, NULL, NULL),
(1098, 1074, 3, 0.00, NULL, NULL),
(1099, 1075, 3, 0.00, NULL, NULL),
(1100, 1076, 3, 0.00, NULL, NULL),
(1101, 1077, 3, 0.00, NULL, NULL),
(1102, 1078, 3, 0.00, NULL, NULL),
(1103, 1079, 3, 0.00, NULL, NULL),
(1104, 1080, 2, 0.00, NULL, NULL),
(1105, 1081, 3, 0.00, NULL, NULL),
(1106, 1082, 3, 0.00, NULL, NULL),
(1107, 1083, 3, 0.00, NULL, NULL),
(1108, 1084, 3, 0.00, NULL, NULL),
(1109, 1085, 3, 0.00, NULL, NULL),
(1110, 1086, 3, 0.00, NULL, NULL),
(1111, 1087, 3, 0.00, NULL, NULL),
(1112, 1088, 3, 0.00, NULL, NULL),
(1113, 1089, 3, 0.00, NULL, NULL),
(1114, 1090, 3, 0.00, NULL, NULL),
(1115, 1091, 3, 0.00, NULL, NULL),
(1116, 1092, 3, 0.00, NULL, NULL),
(1117, 1093, 3, 0.00, NULL, NULL),
(1118, 1094, 2, 0.00, NULL, NULL),
(1119, 1095, 2, 0.00, NULL, NULL),
(1120, 1096, 2, 0.00, NULL, NULL),
(1121, 1097, 2, 0.00, NULL, NULL),
(1122, 1098, 2, 0.00, NULL, NULL),
(1123, 1099, 3, 0.00, NULL, NULL),
(1124, 1100, 3, 0.00, NULL, NULL),
(1125, 1101, 2, 0.00, NULL, NULL),
(1126, 1102, 3, 0.00, NULL, NULL),
(1127, 1103, 2, 0.00, NULL, NULL),
(1128, 1104, 2, 0.00, NULL, NULL),
(1129, 1105, 2, 0.00, NULL, NULL),
(1130, 1106, 3, 0.00, NULL, NULL),
(1131, 1107, 3, 0.00, NULL, NULL),
(1132, 1108, 3, 0.00, NULL, NULL),
(1133, 1109, 3, 0.00, NULL, NULL),
(1134, 1110, 3, 0.00, NULL, NULL),
(1135, 1111, 2, 0.00, NULL, NULL),
(1136, 1112, 2, 0.00, NULL, NULL),
(1137, 1113, 2, 0.00, NULL, NULL),
(1138, 1114, 2, 0.00, NULL, NULL),
(1139, 1115, 2, 0.00, NULL, NULL),
(1140, 1116, 2, 0.00, NULL, NULL),
(1141, 1117, 3, 0.00, NULL, NULL),
(1142, 1118, 3, 0.00, NULL, NULL),
(1143, 1119, 3, 0.00, NULL, NULL),
(1144, 1120, 3, 0.00, NULL, NULL),
(1145, 1121, 3, 0.00, NULL, NULL),
(1146, 1122, 3, 0.00, NULL, NULL),
(1147, 1123, 3, 0.00, NULL, NULL),
(1148, 1124, 3, 0.00, NULL, NULL),
(1149, 1125, 3, 0.00, NULL, NULL),
(1150, 1126, 3, 0.00, NULL, NULL),
(1151, 1127, 2, 0.00, NULL, NULL),
(1152, 1128, 3, 0.00, NULL, NULL),
(1153, 1129, 3, 0.00, NULL, NULL),
(1154, 1130, 3, 0.00, NULL, NULL),
(1155, 1131, 3, 0.00, NULL, NULL),
(1156, 1132, 3, 0.00, NULL, NULL),
(1157, 1133, 2, 0.00, NULL, NULL),
(1158, 1134, 3, 0.00, NULL, NULL),
(1159, 1135, 3, 0.00, NULL, NULL),
(1160, 1136, 3, 0.00, NULL, NULL),
(1161, 1137, 3, 0.00, NULL, NULL),
(1162, 1138, 3, 0.00, NULL, NULL),
(1163, 1139, 3, 0.00, NULL, NULL),
(1164, 1140, 3, 0.00, NULL, NULL),
(1165, 1141, 3, 0.00, NULL, NULL),
(1166, 1142, 3, 0.00, NULL, NULL),
(1167, 1143, 3, 0.00, NULL, NULL),
(1168, 1144, 3, 0.00, NULL, NULL),
(1169, 1145, 3, 0.00, NULL, NULL),
(1170, 1146, 3, 0.00, NULL, NULL),
(1171, 1147, 3, 0.00, NULL, NULL),
(1172, 1148, 3, 0.00, NULL, NULL),
(1173, 1149, 3, 0.00, NULL, NULL),
(1174, 1150, 3, 0.00, NULL, NULL),
(1175, 1151, 3, 0.00, NULL, NULL),
(1176, 1152, 3, 0.00, NULL, NULL),
(1177, 1153, 3, 0.00, NULL, NULL),
(1178, 1154, 3, 0.00, NULL, NULL),
(1179, 1155, 3, 0.00, NULL, NULL),
(1180, 1156, 3, 0.00, NULL, NULL),
(1181, 1157, 2, 0.00, NULL, NULL),
(1182, 1158, 3, 0.00, NULL, NULL),
(1183, 1159, 2, 0.00, NULL, NULL),
(1184, 1160, 2, 0.00, NULL, NULL),
(1185, 1161, 2, 0.00, NULL, NULL),
(1186, 1162, 2, 0.00, NULL, NULL),
(1187, 1163, 2, 0.00, NULL, NULL),
(1188, 1164, 3, 0.00, NULL, NULL),
(1189, 1165, 3, 0.00, NULL, NULL),
(1190, 1166, 3, 0.00, NULL, NULL),
(1191, 1167, 2, 0.00, NULL, NULL),
(1192, 1168, 2, 0.00, NULL, NULL),
(1193, 1169, 3, 0.00, NULL, NULL),
(1194, 1170, 3, 0.00, NULL, NULL),
(1195, 1171, 3, 0.00, NULL, NULL),
(1196, 1172, 3, 0.00, NULL, NULL),
(1197, 1173, 3, 0.00, NULL, NULL),
(1198, 1174, 3, 0.00, NULL, NULL),
(1199, 1175, 3, 0.00, NULL, NULL),
(1200, 1176, 3, 0.00, NULL, NULL),
(1201, 1177, 3, 0.00, NULL, NULL),
(1202, 1178, 3, 0.00, NULL, NULL),
(1203, 1179, 3, 0.00, NULL, NULL),
(1204, 1180, 3, 0.00, NULL, NULL),
(1205, 1181, 2, 0.00, NULL, NULL),
(1206, 1182, 2, 0.00, NULL, NULL),
(1207, 1183, 2, 0.00, NULL, NULL),
(1208, 1184, 2, 0.00, NULL, NULL),
(1209, 1185, 2, 0.00, NULL, NULL),
(1210, 1186, 3, 0.00, NULL, NULL),
(1211, 1187, 3, 0.00, NULL, NULL),
(1212, 1188, 3, 0.00, NULL, NULL),
(1213, 1189, 3, 0.00, NULL, NULL),
(1214, 1190, 3, 0.00, NULL, NULL),
(1215, 1191, 3, 0.00, NULL, NULL),
(1216, 1192, 3, 0.00, NULL, NULL),
(1217, 1193, 3, 0.00, NULL, NULL),
(1218, 1194, 3, 0.00, NULL, NULL),
(1219, 1195, 2, 0.00, NULL, NULL),
(1220, 1196, 2, 0.00, NULL, NULL),
(1221, 1197, 2, 0.00, NULL, NULL),
(1222, 1198, 3, 0.00, NULL, NULL),
(1223, 1199, 3, 0.00, NULL, NULL),
(1224, 1200, 3, 0.00, NULL, NULL),
(1225, 1201, 3, 0.00, NULL, NULL),
(1226, 1202, 3, 0.00, NULL, NULL),
(1227, 1203, 3, 0.00, NULL, NULL),
(1228, 1204, 3, 0.00, NULL, NULL),
(1229, 1205, 3, 0.00, NULL, NULL),
(1230, 1206, 3, 0.00, NULL, NULL),
(1231, 1207, 3, 0.00, NULL, NULL),
(1232, 1208, 3, 0.00, NULL, NULL),
(1233, 1209, 3, 0.00, NULL, NULL),
(1234, 1210, 3, 0.00, NULL, NULL),
(1235, 1211, 3, 0.00, NULL, NULL),
(1236, 1212, 3, 0.00, NULL, NULL),
(1237, 1213, 3, 0.00, NULL, NULL),
(1238, 1214, 3, 0.00, NULL, NULL),
(1239, 1215, 2, 0.00, NULL, NULL),
(1240, 1216, 2, 0.00, NULL, NULL),
(1241, 1217, 3, 0.00, NULL, NULL),
(1242, 1222, 3, 0.00, NULL, NULL),
(1243, 1223, 3, 0.00, NULL, NULL),
(1244, 1224, 2, 0.00, NULL, NULL),
(1245, 1225, 2, 0.00, NULL, NULL),
(1246, 1226, 2, 0.00, NULL, NULL),
(1247, 1227, 3, 0.00, NULL, NULL),
(1248, 1228, 2, 0.00, NULL, NULL),
(1249, 1229, 2, 0.00, NULL, NULL),
(1250, 1230, 3, 0.00, NULL, NULL),
(1251, 1231, 2, 0.00, NULL, NULL),
(1252, 1232, 2, 0.00, NULL, NULL),
(1253, 1233, 3, 0.00, NULL, NULL),
(1254, 1234, 3, 0.00, NULL, NULL),
(1255, 1235, 3, 0.00, NULL, NULL),
(1256, 1236, 3, 0.00, NULL, NULL),
(1257, 1238, 3, 0.00, NULL, NULL),
(1258, 1239, 2, 0.00, NULL, NULL),
(1259, 1240, 2, 0.00, NULL, NULL),
(1260, 1241, 2, 0.00, NULL, NULL),
(1261, 1242, 3, 0.00, NULL, NULL),
(1262, 1243, 3, 0.00, NULL, NULL),
(1263, 1244, 3, 0.00, NULL, NULL),
(1264, 1245, 3, 0.00, NULL, NULL),
(1265, 1246, 2, 0.00, NULL, NULL),
(1266, 1247, 2, 0.00, NULL, NULL),
(1267, 1248, 2, 0.00, NULL, NULL),
(1268, 1249, 2, 0.00, NULL, NULL),
(1269, 1250, 2, 0.00, NULL, NULL),
(1270, 1251, 2, 0.00, NULL, NULL),
(1271, 1252, 3, 0.00, NULL, NULL),
(1272, 1253, 3, 0.00, NULL, NULL),
(1273, 1254, 3, 0.00, NULL, NULL);

-- --------------------------------------------------------

--
-- Table structure for table `migrations`
--

CREATE TABLE `migrations` (
  `id` int(10) UNSIGNED NOT NULL,
  `migration` varchar(255) COLLATE utf8mb4_unicode_ci NOT NULL,
  `batch` int(11) NOT NULL
) ENGINE=InnoDB DEFAULT CHARSET=utf8mb4 COLLATE=utf8mb4_unicode_ci;

--
-- Dumping data for table `migrations`
--

INSERT INTO `migrations` (`id`, `migration`, `batch`) VALUES
(1, '2014_10_12_000000_create_users_table', 1),
(2, '2019_08_19_000000_create_failed_jobs_table', 1),
(3, '2014_10_12_100000_create_password_resets_table', 2),
(4, '2020_01_31_154246_create_service_table', 3),
(5, '2020_02_02_125505_create_service_categories_table', 4),
(6, '2020_02_03_113711_create_services_table', 5),
(7, '2020_02_03_164518_create_services_table', 6),
(8, '2020_02_04_125129_create_items_table', 7),
(9, '2020_02_04_133613_create_employees_table', 8),
(10, '2020_02_13_120901_create_customers_table', 9),
(11, '2020_02_13_121001_create_transactions_table', 9),
(12, '2020_02_13_161928_create_material_details_table', 10),
(13, '2020_02_13_162448_create_service_details_table', 10);

-- --------------------------------------------------------

--
-- Table structure for table `password_resets`
--

CREATE TABLE `password_resets` (
  `email` varchar(255) COLLATE utf8mb4_unicode_ci NOT NULL,
  `token` varchar(255) COLLATE utf8mb4_unicode_ci NOT NULL,
  `created_at` timestamp NULL DEFAULT NULL
) ENGINE=InnoDB DEFAULT CHARSET=utf8mb4 COLLATE=utf8mb4_unicode_ci;

-- --------------------------------------------------------

--
-- Table structure for table `services`
--

CREATE TABLE `services` (
  `service_id` bigint(20) UNSIGNED NOT NULL,
  `service_name` varchar(255) COLLATE utf8mb4_unicode_ci NOT NULL,
  `service_description` text COLLATE utf8mb4_unicode_ci NOT NULL,
  `charges` double NOT NULL,
  `category_id` bigint(20) UNSIGNED NOT NULL,
  `service_enable` tinyint(1) NOT NULL,
  `created_at` timestamp NULL DEFAULT NULL,
  `updated_at` timestamp NULL DEFAULT NULL
) ENGINE=InnoDB DEFAULT CHARSET=utf8mb4 COLLATE=utf8mb4_unicode_ci;

--
-- Dumping data for table `services`
--

INSERT INTO `services` (`service_id`, `service_name`, `service_description`, `charges`, `category_id`, `service_enable`, `created_at`, `updated_at`) VALUES
(1, 'spa', 'hair spa ladies', 1000, 4, 1, '2020-02-03 11:22:20', '2020-02-24 08:44:00'),
(2, 'gents spa', 'hair spa gents', 500, 4, 1, '2020-02-04 06:24:48', '2020-02-24 08:47:29'),
(3, 'hair texture', 'acc to lenght (4000-7000)', 4000, 4, 1, '2020-02-04 06:31:26', '2020-02-24 08:48:58'),
(4, 'hair cut', 'hair cut gents', 100, 4, 1, '2020-02-04 06:32:28', '2020-02-24 08:45:16'),
(5, 'hair cut ladies', 'hair cut ladies', 400, 4, 1, '2020-02-04 06:32:41', '2020-02-24 08:46:20'),
(8, 'party makeup', 'party makeup,bridal', 2000, 1, 1, '2020-02-24 08:19:47', '2020-02-24 10:04:57'),
(9, 'd tan', 'face d tan', 100, 7, 1, '2020-02-24 09:18:40', '2020-02-24 09:18:40'),
(10, 'pasting', 'mustache', 200, 4, 1, '2020-02-24 09:19:49', '2020-02-24 09:19:49'),
(11, 'ABCDEF', 'nononj', 200, 6, 1, '2020-02-24 11:03:22', '2020-02-24 11:03:22'),
(12, 'Threading', '', 50, 8, 1, '2020-02-24 12:26:51', '2020-02-24 12:26:51'),
(13, 'Beard Cutting', '', 200, 10, 0, '2020-02-29 06:42:45', '2020-03-06 11:43:39'),
(14, 'Facial', '', 500, 11, 1, '2020-02-29 06:43:02', '2020-02-29 06:43:02'),
(15, 'Blow Dry', 'Blow Dry', 500, 12, 1, '2020-03-06 11:44:05', '2020-03-06 11:44:05'),
(16, 'Head Wash', 'Head Wash', 500, 13, 1, '2020-03-06 11:44:19', '2020-03-06 11:44:19');

-- --------------------------------------------------------

--
-- Table structure for table `service_categories`
--

CREATE TABLE `service_categories` (
  `category_id` bigint(20) UNSIGNED NOT NULL,
  `category_name` varchar(255) COLLATE utf8mb4_unicode_ci NOT NULL,
  `category_description` text COLLATE utf8mb4_unicode_ci NOT NULL,
  `category_enable` tinyint(1) NOT NULL,
  `created_at` timestamp NULL DEFAULT NULL,
  `updated_at` timestamp NULL DEFAULT NULL
) ENGINE=InnoDB DEFAULT CHARSET=utf8mb4 COLLATE=utf8mb4_unicode_ci;

--
-- Dumping data for table `service_categories`
--

INSERT INTO `service_categories` (`category_id`, `category_name`, `category_description`, `category_enable`, `created_at`, `updated_at`) VALUES
(1, 'makup', 'Eyes makup bridal makeup', 1, '2020-02-02 07:36:43', '2020-02-02 07:53:34'),
(3, 'Nails', 'Manicure,pedicure,', 1, '2020-02-02 08:28:46', '2020-02-24 09:17:54'),
(4, 'Hair', 'Smoothening, rebounding, spa', 1, '2020-02-02 08:29:06', '2020-02-02 08:29:06'),
(6, 'tattoo', 'all kinds of tattoo', 1, '2020-02-24 08:23:03', '2020-02-24 09:17:11'),
(7, 'skin', 'all skin types', 1, '2020-02-24 09:16:45', '2020-02-24 09:16:45'),
(8, 'Ladies', 'All kinds of services', 1, '2020-02-24 12:26:02', '2020-02-24 12:26:02'),
(9, 'Gents', 'All kinds of gents services', 1, '2020-02-24 12:26:19', '2020-02-24 12:26:19'),
(10, 'Beard', 'Beard', 1, '2020-02-29 06:36:45', '2020-02-29 06:36:45'),
(11, 'Facial', 'Facial', 1, '2020-02-29 06:37:11', '2020-02-29 06:37:11'),
(12, 'Blow Dry', 'Blow Dry', 1, '2020-03-06 11:43:15', '2020-03-06 11:43:15'),
(13, 'Head Wash', 'Head Wash', 1, '2020-03-06 11:43:25', '2020-03-06 11:43:25');

-- --------------------------------------------------------

--
-- Table structure for table `service_details`
--

CREATE TABLE `service_details` (
  `service_detail_id` bigint(20) UNSIGNED NOT NULL,
  `transaction_id` bigint(20) UNSIGNED DEFAULT NULL,
  `service_id` bigint(20) UNSIGNED DEFAULT NULL,
  `service_charges` double(8,2) NOT NULL,
  `service_by` int(10) UNSIGNED NOT NULL,
  `created_at` timestamp NULL DEFAULT NULL,
  `updated_at` timestamp NULL DEFAULT NULL
) ENGINE=InnoDB DEFAULT CHARSET=utf8mb4 COLLATE=utf8mb4_unicode_ci;

--
-- Dumping data for table `service_details`
--

INSERT INTO `service_details` (`service_detail_id`, `transaction_id`, `service_id`, `service_charges`, `service_by`, `created_at`, `updated_at`) VALUES
(1, 1, 1, 45.00, 2, NULL, NULL),
(2, 1, 4, 145.00, 2, NULL, NULL),
(12, 3, 1, 51.00, 2, NULL, NULL),
(13, 4, 4, 215.00, 2, NULL, NULL),
(14, 5, 4, 150.00, 4, NULL, NULL),
(15, 6, 4, 100.00, 8, NULL, NULL),
(16, 7, 4, 200.00, 9, NULL, NULL),
(17, 8, 4, 200.00, 11, NULL, NULL),
(20, 11, 3, 1200.00, 5, NULL, NULL),
(21, 12, 4, 100.00, 8, NULL, NULL),
(22, 13, 3, 50.00, 4, NULL, NULL),
(23, 14, 3, 700.00, 9, NULL, NULL),
(25, 16, 4, 200.00, 5, NULL, NULL),
(26, 17, 4, 150.00, 8, NULL, NULL),
(27, 18, 4, 100.00, 4, NULL, NULL),
(28, 19, 4, 150.00, 4, NULL, NULL),
(29, 20, 4, 250.00, 5, NULL, NULL),
(30, 21, 4, 100.00, 8, NULL, NULL),
(31, 22, 4, 100.00, 9, NULL, NULL),
(32, 23, 4, 100.00, 14, NULL, NULL),
(33, 24, 4, 50.00, 9, NULL, NULL),
(34, 25, 4, 50.00, 9, NULL, NULL),
(35, 26, 4, 150.00, 8, NULL, NULL),
(36, 26, 3, 50.00, 8, NULL, NULL),
(37, 27, 4, 100.00, 8, NULL, NULL),
(39, 29, 4, 150.00, 8, NULL, NULL),
(40, 30, 4, 200.00, 9, NULL, NULL),
(41, 31, 3, 4000.00, 7, NULL, NULL),
(42, 32, 4, 100.00, 8, NULL, NULL),
(43, 33, 4, 100.00, 9, NULL, NULL),
(44, 33, 9, 100.00, 9, NULL, NULL),
(45, 34, 4, 100.00, 5, NULL, NULL),
(46, 34, 9, 100.00, 5, NULL, NULL),
(47, 35, 3, 50.00, 8, NULL, NULL),
(48, 36, 4, 100.00, 4, NULL, NULL),
(49, 37, 3, 50.00, 4, NULL, NULL),
(50, 38, 9, 1000.00, 9, NULL, NULL),
(51, 39, 4, 150.00, 5, NULL, NULL),
(52, 40, 3, 50.00, 5, NULL, NULL),
(53, 41, 4, 100.00, 4, NULL, NULL),
(54, 42, 4, 200.00, 9, NULL, NULL),
(55, 43, 4, 100.00, 8, NULL, NULL),
(56, 44, 4, 150.00, 5, NULL, NULL),
(57, 45, 4, 100.00, 4, NULL, NULL),
(58, 46, 3, 4000.00, 14, NULL, NULL),
(59, 47, 4, 200.00, 9, NULL, NULL),
(60, 48, 4, 200.00, 12, NULL, NULL),
(61, 49, 4, 250.00, 5, NULL, NULL),
(62, 50, 3, 470.00, 5, NULL, NULL),
(63, 51, 4, 150.00, 4, NULL, NULL),
(64, 52, 3, 4000.00, 14, NULL, NULL),
(65, 53, 4, 100.00, 4, NULL, NULL),
(66, 54, 3, 4500.00, 7, NULL, NULL),
(67, 55, 4, 100.00, 9, NULL, NULL),
(68, 56, 4, 150.00, 5, NULL, NULL),
(69, 57, 2, 800.00, 4, NULL, NULL),
(70, 58, 4, 200.00, 5, NULL, NULL),
(71, 59, 4, 150.00, 5, NULL, NULL),
(72, 60, 4, 250.00, 5, NULL, NULL),
(73, 61, 9, 1500.00, 4, NULL, NULL),
(75, 62, 4, 100.00, 8, NULL, NULL),
(76, 63, 4, 200.00, 5, NULL, NULL),
(77, 64, 4, 100.00, 5, NULL, NULL),
(78, 65, 4, 100.00, 4, NULL, NULL),
(79, 66, 9, 250.00, 5, NULL, NULL),
(80, 67, 4, 200.00, 4, NULL, NULL),
(81, 68, 8, 100.00, 5, NULL, NULL),
(82, 69, 3, 6000.00, 14, NULL, NULL),
(83, 70, 9, 1500.00, 4, NULL, NULL),
(84, 71, 3, 2000.00, 5, NULL, NULL),
(85, 72, 4, 100.00, 8, NULL, NULL),
(86, 73, 3, 50.00, 8, NULL, NULL),
(87, 74, 4, 100.00, 5, NULL, NULL),
(88, 75, 3, 50.00, 5, NULL, NULL),
(89, 76, 3, 50.00, 15, NULL, NULL),
(90, 77, 4, 100.00, 5, NULL, NULL),
(91, 78, 3, 1600.00, 4, NULL, NULL),
(92, 79, 3, 300.00, 8, NULL, NULL),
(93, 80, 4, 50.00, 8, NULL, NULL),
(94, 81, 4, 100.00, 6, NULL, NULL),
(95, 82, 4, 100.00, 8, NULL, NULL),
(96, 83, 4, 150.00, 4, NULL, NULL),
(97, 84, 4, 100.00, 4, NULL, NULL),
(98, 85, 4, 250.00, 4, NULL, NULL),
(99, 86, 3, 600.00, 10, NULL, NULL),
(100, 87, 4, 100.00, 10, NULL, NULL),
(101, 88, 4, 150.00, 5, NULL, NULL),
(102, 89, 3, 800.00, 11, NULL, NULL),
(103, 90, 4, 200.00, 12, NULL, NULL),
(104, 91, 4, 100.00, 4, NULL, NULL),
(105, 92, 9, 100.00, 4, NULL, NULL),
(106, 93, 4, 150.00, 8, NULL, NULL),
(107, 94, 4, 100.00, 10, NULL, NULL),
(109, 96, 4, 200.00, 10, NULL, NULL),
(110, 97, 4, 300.00, 5, NULL, NULL),
(111, 98, 4, 150.00, 9, NULL, NULL),
(112, 99, 3, 50.00, 6, NULL, NULL),
(113, 100, 2, 700.00, 5, NULL, NULL),
(114, 101, 4, 200.00, 5, NULL, NULL),
(115, 102, 4, 200.00, 9, NULL, NULL),
(116, 103, 4, 150.00, 5, NULL, NULL),
(117, 104, 4, 100.00, 9, NULL, NULL),
(118, 104, 13, 200.00, 9, NULL, NULL),
(119, 105, 4, 100.00, 9, NULL, NULL),
(120, 106, 3, 2500.00, 14, NULL, NULL),
(121, 107, 4, 100.00, 8, NULL, NULL),
(122, 107, 9, 200.00, 8, NULL, NULL),
(123, 108, 13, 200.00, 4, NULL, NULL),
(124, 109, 11, 5000.00, 12, NULL, NULL),
(125, 110, 3, 800.00, 4, NULL, NULL),
(126, 111, 3, 800.00, 9, NULL, NULL),
(127, 112, 4, 100.00, 8, NULL, NULL),
(128, 112, 13, 150.00, 8, NULL, NULL),
(129, 113, 4, 150.00, 5, NULL, NULL),
(130, 114, 4, 200.00, 9, NULL, NULL),
(131, 114, 13, 200.00, 9, NULL, NULL),
(132, 115, 4, 150.00, 8, NULL, NULL),
(133, 116, 4, 150.00, 9, NULL, NULL),
(134, 117, 3, 400.00, 4, NULL, NULL),
(135, 118, 3, 400.00, 5, NULL, NULL),
(136, 119, 4, 50.00, 5, NULL, NULL),
(137, 120, 4, 650.00, 5, NULL, NULL),
(138, 121, 4, 150.00, 5, NULL, NULL),
(139, 122, 4, 700.00, 8, NULL, NULL),
(140, 123, 9, 1300.00, 4, NULL, NULL),
(141, 124, 4, 100.00, 4, NULL, NULL),
(143, 126, 4, 100.00, 5, NULL, NULL),
(144, 125, 4, 150.00, 4, NULL, NULL),
(145, 127, 4, 250.00, 5, NULL, NULL),
(146, 128, 4, 100.00, 5, NULL, NULL),
(147, 128, 13, 50.00, 5, NULL, NULL),
(148, 129, 14, 800.00, 9, NULL, NULL),
(149, 130, 13, 100.00, 8, NULL, NULL),
(150, 131, 4, 150.00, 8, NULL, NULL),
(151, 132, 4, 100.00, 5, NULL, NULL),
(152, 132, 13, 50.00, 5, NULL, NULL),
(153, 133, 4, 100.00, 9, NULL, NULL),
(154, 133, 13, 100.00, 9, NULL, NULL),
(155, 134, 4, 100.00, 4, NULL, NULL),
(156, 134, 13, 50.00, 4, NULL, NULL),
(157, 135, 4, 150.00, 5, NULL, NULL),
(158, 136, 8, 150.00, 8, NULL, NULL),
(159, 137, 4, 100.00, 9, NULL, NULL),
(160, 137, 13, 100.00, 9, NULL, NULL),
(161, 138, 4, 150.00, 9, NULL, NULL),
(162, 139, 4, 200.00, 8, NULL, NULL),
(163, 140, 4, 130.00, 4, NULL, NULL),
(164, 141, 1, 500.00, 14, NULL, NULL),
(165, 142, 1, 1000.00, 14, NULL, NULL),
(167, 144, 4, 100.00, 9, NULL, NULL),
(168, 144, 13, 100.00, 9, NULL, NULL),
(169, 145, 4, 150.00, 4, NULL, NULL),
(170, 146, 3, 50.00, 5, NULL, NULL),
(171, 147, 4, 150.00, 4, NULL, NULL),
(172, 148, 13, 100.00, 8, NULL, NULL),
(173, 149, 4, 100.00, 4, NULL, NULL),
(174, 150, 5, 100.00, 9, NULL, NULL),
(175, 150, 13, 150.00, 9, NULL, NULL),
(176, 151, 4, 150.00, 10, NULL, NULL),
(177, 152, 4, 100.00, 10, NULL, NULL),
(178, 152, 13, 100.00, 10, NULL, NULL),
(179, 153, 14, 1000.00, 10, NULL, NULL),
(181, 154, 4, 150.00, 4, NULL, NULL),
(182, 155, 4, 300.00, 12, NULL, NULL),
(183, 156, 13, 50.00, 10, NULL, NULL),
(184, 157, 4, 150.00, 10, NULL, NULL),
(185, 158, 4, 100.00, 9, NULL, NULL),
(186, 159, 4, 300.00, 10, NULL, NULL),
(187, 162, 13, 50.00, 5, NULL, NULL),
(188, 163, 14, 2000.00, 4, NULL, NULL),
(190, 165, 4, 100.00, 5, NULL, NULL),
(191, 165, 13, 50.00, 5, NULL, NULL),
(192, 166, 3, 50.00, 8, NULL, NULL),
(193, 167, 3, 50.00, 9, NULL, NULL),
(194, 168, 4, 100.00, 14, NULL, NULL),
(195, 169, 4, 300.00, 9, NULL, NULL),
(196, 170, 4, 100.00, 9, NULL, NULL),
(199, 171, 4, 100.00, 4, NULL, NULL),
(200, 172, 3, 50.00, 8, NULL, NULL),
(201, 173, 4, 250.00, 9, NULL, NULL),
(202, 174, 3, 50.00, 8, NULL, NULL),
(203, 175, 4, 100.00, 4, NULL, NULL),
(204, 175, 13, 50.00, 4, NULL, NULL),
(205, 176, 4, 100.00, 9, NULL, NULL),
(206, 177, 4, 100.00, 9, NULL, NULL),
(207, 178, 4, 100.00, 5, NULL, NULL),
(208, 179, 8, 200.00, 5, NULL, NULL),
(209, 180, 4, 400.00, 14, NULL, NULL),
(210, 181, 2, 800.00, 9, NULL, NULL),
(211, 181, 4, 200.00, 4, NULL, NULL),
(212, 182, 10, 200.00, 12, NULL, NULL),
(213, 183, 4, 100.00, 9, NULL, NULL),
(214, 183, 13, 50.00, 9, NULL, NULL),
(215, 184, 4, 100.00, 8, NULL, NULL),
(216, 185, 13, 150.00, 5, NULL, NULL),
(217, 186, 13, 100.00, 4, NULL, NULL),
(218, 186, 4, 100.00, 4, NULL, NULL),
(219, 187, 4, 200.00, 5, NULL, NULL),
(220, 188, 11, 4500.00, 12, NULL, NULL),
(221, 189, 4, 100.00, 10, NULL, NULL),
(222, 190, 3, 1300.00, 10, NULL, NULL),
(223, 191, 4, 100.00, 10, NULL, NULL),
(224, 192, 4, 150.00, 10, NULL, NULL),
(225, 193, 8, 500.00, 10, NULL, NULL),
(226, 194, 3, 2000.00, 10, NULL, NULL),
(227, 195, 3, 1000.00, 11, NULL, NULL),
(228, 196, 3, 500.00, 11, NULL, NULL),
(229, 197, 4, 300.00, 11, NULL, NULL),
(230, 198, 4, 150.00, 4, NULL, NULL),
(231, 199, 4, 100.00, 4, NULL, NULL),
(232, 200, 4, 250.00, 5, NULL, NULL),
(233, 201, 3, 400.00, 10, NULL, NULL),
(234, 202, 3, 50.00, 15, NULL, NULL),
(235, 203, 3, 50.00, 15, NULL, NULL),
(236, 204, 4, 100.00, 9, NULL, NULL),
(237, 205, 4, 100.00, 9, NULL, NULL),
(238, 206, 4, 100.00, 9, NULL, NULL),
(239, 207, 4, 250.00, 5, NULL, NULL),
(240, 208, 4, 250.00, 5, NULL, NULL),
(241, 209, 4, 350.00, 9, NULL, NULL),
(242, 210, 4, 200.00, 9, NULL, NULL),
(243, 211, 4, 150.00, 9, NULL, NULL),
(244, 212, 4, 100.00, 16, NULL, NULL),
(246, 28, 4, 150.00, 4, NULL, NULL),
(247, 214, 4, 200.00, 5, NULL, NULL),
(248, 215, 3, 500.00, 9, NULL, NULL),
(249, 216, 4, 50.00, 8, NULL, NULL),
(250, 217, 4, 150.00, 4, NULL, NULL),
(251, 218, 4, 100.00, 5, NULL, NULL),
(252, 218, 13, 100.00, 5, NULL, NULL),
(253, 219, 3, 900.00, 9, NULL, NULL),
(254, 220, 4, 200.00, 5, NULL, NULL),
(255, 221, 4, 400.00, 14, NULL, NULL),
(256, 222, 4, 150.00, 5, NULL, NULL),
(257, 223, 4, 150.00, 5, NULL, NULL),
(258, 224, 3, 50.00, 8, NULL, NULL),
(259, 225, 3, 1600.00, 9, NULL, NULL),
(260, 226, 2, 800.00, 5, NULL, NULL),
(261, 227, 4, 150.00, 5, NULL, NULL),
(262, 228, 13, 50.00, 8, NULL, NULL),
(263, 229, 3, 650.00, 4, NULL, NULL),
(264, 230, 13, 50.00, 9, NULL, NULL),
(266, 232, 4, 200.00, 5, NULL, NULL),
(267, 233, 4, 100.00, 5, NULL, NULL),
(268, 234, 4, 100.00, 16, NULL, NULL),
(269, 234, 13, 150.00, 16, NULL, NULL),
(270, 235, 13, 100.00, 8, NULL, NULL),
(271, 236, 13, 100.00, 16, NULL, NULL),
(272, 237, 3, 100.00, 11, NULL, NULL),
(274, 238, 4, 150.00, 4, NULL, NULL),
(275, 231, 4, 150.00, 4, NULL, NULL),
(276, 239, 4, 100.00, 4, NULL, NULL),
(277, 240, 13, 100.00, 5, NULL, NULL),
(278, 241, 4, 150.00, 9, NULL, NULL),
(279, 242, 4, 150.00, 9, NULL, NULL),
(280, 243, 4, 50.00, 4, NULL, NULL),
(281, 244, 3, 50.00, 9, NULL, NULL),
(282, 245, 4, 100.00, 8, NULL, NULL),
(283, 246, 4, 150.00, 9, NULL, NULL),
(284, 247, 3, 50.00, 5, NULL, NULL),
(285, 248, 4, 100.00, 5, NULL, NULL),
(286, 249, 3, 50.00, 8, NULL, NULL),
(287, 250, 4, 50.00, 4, NULL, NULL),
(288, 251, 3, 3500.00, 11, NULL, NULL),
(290, 252, 9, 400.00, 10, NULL, NULL),
(291, 253, 2, 500.00, 10, NULL, NULL),
(292, 254, 3, 650.00, 10, NULL, NULL),
(293, 255, 4, 150.00, 4, NULL, NULL),
(294, 256, 8, 100.00, 5, NULL, NULL),
(295, 257, 9, 100.00, 8, NULL, NULL),
(296, 257, 4, 200.00, 8, NULL, NULL),
(297, 258, 4, 100.00, 5, NULL, NULL),
(298, 259, 3, 50.00, 6, NULL, NULL),
(299, 260, 4, 150.00, 8, NULL, NULL),
(300, 261, 3, 1050.00, 9, NULL, NULL),
(301, 262, 11, 3500.00, 12, NULL, NULL),
(302, 263, 1, 500.00, 9, NULL, NULL),
(303, 264, 4, 150.00, 9, NULL, NULL),
(304, 265, 4, 200.00, 4, NULL, NULL),
(305, 266, 4, 150.00, 8, NULL, NULL),
(306, 267, 4, 100.00, 9, NULL, NULL),
(307, 268, 4, 100.00, 4, NULL, NULL),
(308, 269, 4, 100.00, 8, NULL, NULL),
(309, 270, 3, 50.00, 15, NULL, NULL),
(310, 271, 4, 50.00, 4, NULL, NULL),
(311, 272, 4, 150.00, 4, NULL, NULL),
(312, 273, 4, 150.00, 9, NULL, NULL),
(313, 274, 3, 600.00, 8, NULL, NULL),
(315, 276, 2, 500.00, 9, NULL, NULL),
(316, 277, 3, 700.00, 14, NULL, NULL),
(317, 278, 4, 150.00, 9, NULL, NULL),
(318, 279, 4, 100.00, 9, NULL, NULL),
(319, 280, 4, 200.00, 8, NULL, NULL),
(320, 281, 4, 200.00, 8, NULL, NULL),
(321, 282, 3, 50.00, 6, NULL, NULL),
(322, 283, 11, 2500.00, 12, NULL, NULL),
(323, 284, 15, 50.00, 10, NULL, NULL),
(324, 285, 15, 50.00, 16, NULL, NULL),
(325, 286, 4, 200.00, 10, NULL, NULL),
(326, 287, 1, 700.00, 11, NULL, NULL),
(327, 288, 1, 600.00, 4, NULL, NULL),
(328, 289, 3, 2000.00, 4, NULL, NULL),
(329, 290, 4, 200.00, 8, NULL, NULL),
(330, 291, 4, 100.00, 5, NULL, NULL),
(331, 292, 13, 70.00, 8, NULL, NULL),
(332, 293, 4, 100.00, 4, NULL, NULL),
(333, 294, 4, 150.00, 5, NULL, NULL),
(334, 295, 4, 100.00, 8, NULL, NULL),
(335, 296, 4, 150.00, 8, NULL, NULL),
(336, 297, 4, 170.00, 5, NULL, NULL),
(337, 298, 4, 150.00, 8, NULL, NULL),
(338, 299, 4, 100.00, 5, NULL, NULL),
(339, 300, 4, 100.00, 4, NULL, NULL),
(340, 301, 4, 100.00, 10, NULL, NULL),
(341, 302, 4, 200.00, 10, NULL, NULL),
(342, 303, 4, 150.00, 10, NULL, NULL),
(343, 304, 4, 200.00, 10, NULL, NULL),
(344, 305, 13, 100.00, 12, NULL, NULL),
(345, 306, 3, 500.00, 10, NULL, NULL),
(347, 307, 4, 150.00, 4, NULL, NULL),
(348, 308, 4, 150.00, 16, NULL, NULL),
(349, 309, 3, 700.00, 4, NULL, NULL),
(350, 310, 3, 700.00, 5, NULL, NULL),
(351, 311, 4, 150.00, 9, NULL, NULL),
(352, 312, 4, 100.00, 8, NULL, NULL),
(353, 313, 3, 1100.00, 9, NULL, NULL),
(354, 314, 4, 250.00, 9, NULL, NULL),
(355, 315, 13, 50.00, 5, NULL, NULL),
(356, 316, 4, 150.00, 4, NULL, NULL),
(357, 317, 4, 150.00, 9, NULL, NULL),
(358, 318, 15, 50.00, 5, NULL, NULL),
(359, 319, 4, 100.00, 9, NULL, NULL),
(360, 320, 4, 100.00, 5, NULL, NULL),
(361, 321, 8, 200.00, 4, NULL, NULL),
(362, 322, 4, 150.00, 9, NULL, NULL),
(363, 323, 4, 150.00, 4, NULL, NULL),
(364, 324, 4, 100.00, 5, NULL, NULL),
(365, 325, 4, 200.00, 9, NULL, NULL),
(366, 326, 8, 150.00, 8, NULL, NULL),
(367, 327, 15, 50.00, 6, NULL, NULL),
(368, 328, 4, 100.00, 5, NULL, NULL),
(369, 329, 4, 200.00, 9, NULL, NULL),
(370, 330, 13, 100.00, 8, NULL, NULL),
(371, 331, 4, 100.00, 9, NULL, NULL),
(372, 332, 8, 200.00, 4, NULL, NULL),
(373, 333, 4, 400.00, 14, NULL, NULL),
(374, 334, 1, 1000.00, 18, NULL, NULL),
(375, 335, 5, 400.00, 14, NULL, NULL),
(376, 336, 4, 200.00, 9, NULL, NULL),
(377, 337, 13, 100.00, 4, NULL, NULL),
(378, 338, 4, 200.00, 10, NULL, NULL),
(379, 339, 4, 150.00, 10, NULL, NULL),
(380, 340, 4, 300.00, 10, NULL, NULL),
(381, 341, 4, 150.00, 10, NULL, NULL),
(382, 342, 15, 100.00, 10, NULL, NULL),
(383, 343, 15, 100.00, 10, NULL, NULL),
(384, 344, 4, 100.00, 10, NULL, NULL),
(385, 345, 4, 100.00, 12, NULL, NULL),
(386, 346, 4, 200.00, 12, NULL, NULL),
(387, 347, 3, 400.00, 12, NULL, NULL),
(388, 348, 5, 300.00, 11, NULL, NULL),
(389, 349, 5, 200.00, 11, NULL, NULL),
(390, 350, 15, 200.00, 11, NULL, NULL),
(391, 351, 14, 1200.00, 10, NULL, NULL),
(392, 352, 4, 100.00, 10, NULL, NULL),
(393, 353, 3, 600.00, 10, NULL, NULL),
(394, 354, 4, 350.00, 10, NULL, NULL),
(395, 355, 13, 100.00, 16, NULL, NULL),
(396, 356, 4, 250.00, 10, NULL, NULL),
(397, 357, 4, 100.00, 9, NULL, NULL),
(398, 357, 13, 100.00, 9, NULL, NULL),
(399, 358, 11, 10000.00, 12, NULL, NULL),
(400, 359, 4, 100.00, 4, NULL, NULL),
(401, 359, 13, 100.00, 4, NULL, NULL),
(402, 360, 3, 800.00, 5, NULL, NULL),
(403, 361, 4, 100.00, 8, NULL, NULL),
(404, 362, 13, 100.00, 9, NULL, NULL),
(405, 363, 4, 100.00, 4, NULL, NULL),
(406, 364, 4, 300.00, 9, NULL, NULL),
(407, 365, 3, 700.00, 9, NULL, NULL),
(408, 366, 4, 150.00, 9, NULL, NULL),
(409, 367, 4, 150.00, 4, NULL, NULL),
(410, 368, 4, 100.00, 8, NULL, NULL),
(411, 369, 4, 200.00, 8, NULL, NULL),
(412, 370, 4, 100.00, 5, NULL, NULL),
(413, 371, 13, 50.00, 8, NULL, NULL),
(414, 372, 4, 100.00, 4, NULL, NULL),
(415, 373, 4, 200.00, 10, NULL, NULL),
(416, 373, 13, 200.00, 10, NULL, NULL),
(417, 374, 4, 100.00, 10, NULL, NULL),
(418, 375, 4, 500.00, 10, NULL, NULL),
(419, 376, 4, 150.00, 10, NULL, NULL),
(420, 377, 4, 100.00, 10, NULL, NULL),
(421, 378, 4, 350.00, 12, NULL, NULL),
(422, 379, 13, 100.00, 12, NULL, NULL),
(423, 380, 8, 1500.00, 13, NULL, NULL),
(424, 381, 8, 3000.00, 13, NULL, NULL),
(425, 382, 4, 150.00, 16, NULL, NULL),
(426, 383, 4, 200.00, 16, NULL, NULL),
(427, 384, 9, 100.00, 16, NULL, NULL),
(428, 385, 3, 350.00, 9, NULL, NULL),
(429, 386, 4, 100.00, 9, NULL, NULL),
(430, 387, 3, 1000.00, 9, NULL, NULL),
(431, 388, 3, 2500.00, 4, NULL, NULL),
(432, 389, 4, 200.00, 9, NULL, NULL),
(433, 390, 4, 300.00, 9, NULL, NULL),
(434, 391, 4, 100.00, 9, NULL, NULL),
(435, 391, 13, 100.00, 9, NULL, NULL),
(436, 392, 13, 50.00, 9, NULL, NULL),
(437, 393, 5, 400.00, 14, NULL, NULL),
(438, 394, 4, 150.00, 9, NULL, NULL),
(439, 395, 12, 20.00, 8, NULL, NULL),
(440, 396, 3, 500.00, 8, NULL, NULL),
(441, 397, 14, 500.00, 9, NULL, NULL),
(442, 398, 4, 100.00, 8, NULL, NULL),
(443, 399, 15, 100.00, 9, NULL, NULL),
(444, 400, 5, 400.00, 14, NULL, NULL),
(446, 402, 13, 50.00, 8, NULL, NULL),
(447, 403, 5, 400.00, 14, NULL, NULL),
(448, 404, 3, 5000.00, 14, NULL, NULL),
(449, 405, 3, 6000.00, 7, NULL, NULL),
(450, 406, 4, 100.00, 16, NULL, NULL),
(451, 407, 4, 250.00, 16, NULL, NULL),
(452, 408, 4, 200.00, 12, NULL, NULL),
(453, 409, 4, 150.00, 16, NULL, NULL),
(454, 410, 8, 1500.00, 13, NULL, NULL),
(455, 411, 4, 200.00, 12, NULL, NULL),
(456, 412, 4, 300.00, 9, NULL, NULL),
(457, 413, 4, 150.00, 8, NULL, NULL),
(458, 414, 4, 100.00, 8, NULL, NULL),
(459, 415, 4, 100.00, 9, NULL, NULL),
(460, 415, 13, 100.00, 9, NULL, NULL),
(461, 416, 4, 100.00, 5, NULL, NULL),
(462, 417, 4, 150.00, 5, NULL, NULL),
(463, 418, 3, 1100.00, 9, NULL, NULL),
(464, 419, 4, 150.00, 8, NULL, NULL),
(465, 419, 13, 100.00, 8, NULL, NULL),
(466, 420, 3, 650.00, 9, NULL, NULL),
(467, 421, 14, 500.00, 5, NULL, NULL),
(468, 422, 14, 1700.00, 10, NULL, NULL),
(469, 423, 4, 200.00, 10, NULL, NULL),
(470, 424, 4, 200.00, 10, NULL, NULL),
(471, 425, 4, 100.00, 10, NULL, NULL),
(472, 426, 4, 450.00, 10, NULL, NULL),
(473, 427, 14, 1000.00, 17, NULL, NULL),
(474, 428, 3, 1000.00, 11, NULL, NULL),
(475, 429, 14, 1300.00, 17, NULL, NULL),
(476, 430, 13, 50.00, 8, NULL, NULL),
(477, 431, 15, 50.00, 6, NULL, NULL),
(478, 432, 15, 50.00, 15, NULL, NULL),
(479, 433, 4, 350.00, 9, NULL, NULL),
(480, 434, 3, 2500.00, 14, NULL, NULL),
(481, 435, 8, 100.00, 5, NULL, NULL),
(482, 436, 4, 150.00, 8, NULL, NULL),
(483, 437, 4, 100.00, 5, NULL, NULL),
(484, 438, 4, 150.00, 8, NULL, NULL),
(485, 439, 4, 250.00, 9, NULL, NULL),
(486, 440, 4, 100.00, 4, NULL, NULL),
(487, 441, 4, 150.00, 5, NULL, NULL),
(488, 442, 4, 150.00, 5, NULL, NULL),
(489, 443, 4, 200.00, 9, NULL, NULL),
(490, 444, 14, 1200.00, 8, NULL, NULL),
(491, 445, 4, 100.00, 5, NULL, NULL),
(492, 446, 4, 100.00, 8, NULL, NULL),
(493, 447, 4, 150.00, 4, NULL, NULL),
(494, 448, 4, 100.00, 5, NULL, NULL),
(495, 449, 4, 100.00, 9, NULL, NULL),
(496, 449, 13, 150.00, 9, NULL, NULL),
(497, 450, 4, 200.00, 9, NULL, NULL),
(498, 451, 4, 100.00, 4, NULL, NULL),
(499, 452, 1, 700.00, 18, NULL, NULL),
(500, 453, 3, 500.00, 14, NULL, NULL),
(501, 454, 4, 300.00, 10, NULL, NULL),
(502, 455, 4, 500.00, 10, NULL, NULL),
(503, 456, 3, 400.00, 10, NULL, NULL),
(504, 457, 4, 200.00, 12, NULL, NULL),
(505, 458, 4, 100.00, 12, NULL, NULL),
(506, 459, 14, 1000.00, 17, NULL, NULL),
(507, 460, 3, 700.00, 11, NULL, NULL),
(508, 461, 1, 800.00, 11, NULL, NULL),
(509, 462, 4, 200.00, 10, NULL, NULL),
(511, 464, 4, 200.00, 5, NULL, NULL),
(512, 463, 4, 100.00, 4, NULL, NULL),
(513, 465, 4, 100.00, 8, NULL, NULL),
(514, 466, 4, 150.00, 15, NULL, NULL),
(517, 467, 15, 50.00, 15, NULL, NULL),
(518, 468, 4, 100.00, 5, NULL, NULL),
(519, 469, 4, 200.00, 5, NULL, NULL),
(520, 470, 14, 1000.00, 9, NULL, NULL),
(521, 471, 4, 150.00, 9, NULL, NULL),
(522, 472, 4, 150.00, 4, NULL, NULL),
(523, 473, 8, 400.00, 9, NULL, NULL),
(524, 474, 14, 1700.00, 9, NULL, NULL),
(525, 475, 4, 100.00, 9, NULL, NULL),
(526, 476, 4, 150.00, 9, NULL, NULL),
(527, 477, 4, 200.00, 4, NULL, NULL),
(528, 478, 4, 200.00, 9, NULL, NULL),
(529, 479, 4, 200.00, 8, NULL, NULL),
(530, 480, 4, 100.00, 4, NULL, NULL),
(531, 481, 13, 100.00, 8, NULL, NULL),
(532, 482, 3, 40.00, 4, NULL, NULL),
(533, 483, 4, 150.00, 4, NULL, NULL),
(534, 484, 14, 900.00, 10, NULL, NULL),
(535, 485, 4, 200.00, 10, NULL, NULL),
(536, 486, 4, 550.00, 10, NULL, NULL),
(537, 487, 4, 300.00, 10, NULL, NULL),
(538, 488, 4, 250.00, 10, NULL, NULL),
(539, 489, 14, 1200.00, 4, NULL, NULL),
(540, 490, 1, 1000.00, 11, NULL, NULL),
(541, 491, 4, 100.00, 4, NULL, NULL),
(542, 492, 4, 100.00, 15, NULL, NULL),
(543, 493, 15, 50.00, 15, NULL, NULL),
(544, 494, 4, 150.00, 4, NULL, NULL),
(545, 495, 3, 450.00, 6, NULL, NULL),
(546, 496, 4, 100.00, 8, NULL, NULL),
(547, 497, 4, 100.00, 4, NULL, NULL),
(548, 498, 4, 350.00, 8, NULL, NULL),
(549, 499, 3, 1000.00, 4, NULL, NULL),
(550, 500, 4, 300.00, 8, NULL, NULL),
(551, 501, 4, 150.00, 4, NULL, NULL),
(552, 502, 4, 150.00, 8, NULL, NULL),
(553, 503, 4, 150.00, 4, NULL, NULL),
(555, 505, 4, 150.00, 8, NULL, NULL),
(556, 504, 13, 50.00, 8, NULL, NULL),
(557, 506, 4, 150.00, 4, NULL, NULL),
(558, 507, 4, 150.00, 4, NULL, NULL),
(560, 508, 4, 150.00, 15, NULL, NULL),
(561, 509, 13, 50.00, 6, NULL, NULL),
(562, 510, 8, 8500.00, 13, NULL, NULL),
(563, 511, 3, 3500.00, 11, NULL, NULL),
(564, 512, 5, 400.00, 11, NULL, NULL),
(565, 513, 3, 5500.00, 11, NULL, NULL),
(566, 514, 11, 4000.00, 12, NULL, NULL),
(567, 515, 4, 300.00, 12, NULL, NULL),
(568, 516, 4, 200.00, 12, NULL, NULL),
(569, 517, 4, 200.00, 16, NULL, NULL),
(570, 518, 13, 50.00, 8, NULL, NULL),
(571, 519, 15, 400.00, 14, NULL, NULL),
(572, 520, 12, 800.00, 18, NULL, NULL),
(573, 520, 3, 800.00, 18, NULL, NULL),
(574, 521, 3, 1200.00, 5, NULL, NULL),
(575, 522, 4, 150.00, 4, NULL, NULL),
(576, 523, 4, 150.00, 4, NULL, NULL),
(577, 524, 4, 200.00, 5, NULL, NULL),
(578, 525, 4, 100.00, 8, NULL, NULL),
(579, 526, 4, 100.00, 8, NULL, NULL),
(580, 527, 4, 100.00, 5, NULL, NULL),
(581, 528, 4, 150.00, 4, NULL, NULL),
(582, 529, 14, 800.00, 18, NULL, NULL),
(583, 530, 4, 150.00, 4, NULL, NULL),
(584, 531, 8, 150.00, 5, NULL, NULL),
(585, 532, 4, 100.00, 5, NULL, NULL),
(586, 533, 5, 400.00, 14, NULL, NULL),
(587, 534, 3, 300.00, 5, NULL, NULL),
(588, 535, 14, 650.00, 4, NULL, NULL),
(589, 536, 4, 250.00, 5, NULL, NULL),
(590, 536, 9, 100.00, 5, NULL, NULL),
(591, 537, 3, 950.00, 4, NULL, NULL),
(592, 538, 4, 100.00, 4, NULL, NULL),
(593, 539, 3, 900.00, 9, NULL, NULL),
(594, 540, 15, 50.00, 5, NULL, NULL),
(595, 541, 4, 200.00, 15, NULL, NULL),
(596, 542, 4, 200.00, 5, NULL, NULL),
(597, 543, 4, 150.00, 10, NULL, NULL),
(598, 544, 4, 100.00, 10, NULL, NULL),
(599, 545, 4, 50.00, 10, NULL, NULL),
(600, 546, 4, 150.00, 10, NULL, NULL),
(601, 547, 4, 100.00, 12, NULL, NULL),
(602, 548, 4, 200.00, 10, NULL, NULL),
(603, 549, 4, 550.00, 10, NULL, NULL),
(604, 550, 3, 200.00, 12, NULL, NULL),
(605, 551, 4, 200.00, 16, NULL, NULL),
(606, 552, 3, 4500.00, 19, NULL, NULL),
(607, 553, 13, 100.00, 5, NULL, NULL),
(608, 554, 13, 50.00, 8, NULL, NULL),
(609, 555, 3, 400.00, 9, NULL, NULL),
(610, 556, 4, 200.00, 5, NULL, NULL),
(611, 557, 4, 200.00, 9, NULL, NULL),
(612, 558, 3, 600.00, 9, NULL, NULL),
(613, 559, 4, 100.00, 5, NULL, NULL),
(614, 560, 2, 500.00, 8, NULL, NULL),
(615, 561, 4, 100.00, 9, NULL, NULL),
(616, 562, 4, 200.00, 12, NULL, NULL),
(617, 563, 4, 150.00, 4, NULL, NULL),
(618, 564, 9, 100.00, 8, NULL, NULL),
(619, 565, 4, 150.00, 5, NULL, NULL),
(620, 566, 4, 150.00, 5, NULL, NULL),
(621, 567, 3, 750.00, 4, NULL, NULL),
(622, 568, 3, 750.00, 5, NULL, NULL),
(623, 569, 4, 150.00, 5, NULL, NULL),
(624, 570, 4, 100.00, 15, NULL, NULL),
(625, 571, 3, 600.00, 9, NULL, NULL),
(626, 572, 4, 150.00, 8, NULL, NULL),
(627, 573, 4, 150.00, 8, NULL, NULL),
(628, 574, 4, 150.00, 8, NULL, NULL),
(629, 575, 4, 200.00, 9, NULL, NULL),
(630, 576, 8, 50.00, 9, NULL, NULL),
(631, 577, 4, 300.00, 16, NULL, NULL),
(632, 578, 4, 100.00, 16, NULL, NULL),
(633, 579, 4, 100.00, 10, NULL, NULL),
(634, 580, 4, 100.00, 10, NULL, NULL),
(635, 581, 4, 100.00, 10, NULL, NULL),
(636, 582, 4, 100.00, 10, NULL, NULL),
(637, 583, 4, 100.00, 10, NULL, NULL),
(638, 584, 4, 300.00, 10, NULL, NULL),
(639, 585, 4, 650.00, 10, NULL, NULL),
(640, 586, 14, 800.00, 18, NULL, NULL),
(641, 587, 11, 5000.00, 12, NULL, NULL),
(642, 588, 4, 150.00, 4, NULL, NULL),
(643, 589, 8, 150.00, 5, NULL, NULL),
(644, 590, 4, 200.00, 9, NULL, NULL),
(645, 591, 4, 150.00, 4, NULL, NULL),
(646, 592, 4, 200.00, 9, NULL, NULL),
(647, 593, 4, 200.00, 9, NULL, NULL),
(648, 594, 4, 100.00, 4, NULL, NULL),
(649, 595, 4, 200.00, 8, NULL, NULL),
(650, 596, 4, 150.00, 6, NULL, NULL),
(651, 597, 4, 150.00, 5, NULL, NULL),
(652, 598, 4, 100.00, 4, NULL, NULL),
(654, 599, 4, 150.00, 15, NULL, NULL),
(656, 600, 4, 300.00, 15, NULL, NULL),
(657, 601, 4, 150.00, 5, NULL, NULL),
(658, 602, 4, 100.00, 9, NULL, NULL),
(659, 603, 4, 200.00, 5, NULL, NULL),
(660, 604, 4, 250.00, 5, NULL, NULL),
(661, 605, 4, 300.00, 9, NULL, NULL),
(662, 606, 9, 200.00, 8, NULL, NULL),
(663, 607, 4, 150.00, 4, NULL, NULL),
(664, 608, 14, 600.00, 9, NULL, NULL),
(665, 609, 14, 700.00, 9, NULL, NULL),
(666, 610, 13, 100.00, 4, NULL, NULL),
(667, 611, 4, 100.00, 8, NULL, NULL),
(668, 612, 4, 100.00, 5, NULL, NULL),
(669, 613, 4, 150.00, 4, NULL, NULL),
(670, 614, 4, 150.00, 4, NULL, NULL),
(671, 615, 4, 300.00, 4, NULL, NULL),
(672, 616, 4, 300.00, 5, NULL, NULL),
(673, 617, 13, 50.00, 5, NULL, NULL),
(674, 618, 3, 750.00, 9, NULL, NULL),
(675, 619, 4, 100.00, 5, NULL, NULL),
(676, 620, 4, 100.00, 10, NULL, NULL),
(677, 621, 4, 150.00, 10, NULL, NULL),
(678, 622, 4, 100.00, 10, NULL, NULL),
(679, 623, 4, 250.00, 10, NULL, NULL),
(680, 624, 4, 100.00, 16, NULL, NULL),
(681, 625, 4, 200.00, 10, NULL, NULL),
(682, 626, 3, 800.00, 11, NULL, NULL),
(683, 627, 4, 500.00, 10, NULL, NULL),
(684, 628, 4, 350.00, 16, NULL, NULL),
(685, 629, 4, 300.00, 5, NULL, NULL),
(686, 630, 3, 300.00, 9, NULL, NULL),
(687, 631, 4, 200.00, 4, NULL, NULL),
(688, 632, 3, 3400.00, 5, NULL, NULL),
(690, 634, 4, 900.00, 10, NULL, NULL),
(691, 635, 4, 150.00, 10, NULL, NULL),
(692, 636, 4, 300.00, 12, NULL, NULL),
(693, 637, 4, 100.00, 12, NULL, NULL),
(694, 638, 4, 700.00, 4, NULL, NULL),
(695, 639, 4, 150.00, 12, NULL, NULL),
(696, 640, 3, 600.00, 10, NULL, NULL),
(697, 641, 4, 200.00, 10, NULL, NULL),
(698, 642, 4, 200.00, 4, NULL, NULL),
(699, 643, 4, 250.00, 10, NULL, NULL),
(700, 644, 3, 600.00, 10, NULL, NULL),
(701, 645, 4, 400.00, 10, NULL, NULL),
(702, 646, 4, 800.00, 11, NULL, NULL),
(703, 647, 4, 200.00, 10, NULL, NULL),
(704, 648, 4, 250.00, 10, NULL, NULL),
(705, 649, 4, 500.00, 10, NULL, NULL),
(706, 650, 4, 150.00, 10, NULL, NULL),
(707, 651, 3, 1000.00, 12, NULL, NULL),
(708, 652, 4, 200.00, 10, NULL, NULL),
(709, 653, 4, 250.00, 10, NULL, NULL),
(710, 654, 4, 250.00, 10, NULL, NULL),
(711, 655, 4, 200.00, 10, NULL, NULL),
(712, 656, 4, 150.00, 10, NULL, NULL),
(713, 657, 4, 200.00, 10, NULL, NULL),
(714, 658, 4, 150.00, 10, NULL, NULL),
(715, 659, 4, 700.00, 10, NULL, NULL),
(716, 660, 4, 250.00, 10, NULL, NULL),
(717, 661, 4, 200.00, 10, NULL, NULL),
(718, 662, 4, 130.00, 10, NULL, NULL),
(719, 663, 4, 200.00, 10, NULL, NULL),
(720, 664, 4, 100.00, 10, NULL, NULL),
(721, 665, 4, 100.00, 10, NULL, NULL),
(722, 666, 4, 200.00, 10, NULL, NULL),
(723, 667, 4, 250.00, 12, NULL, NULL),
(724, 668, 4, 350.00, 10, NULL, NULL),
(725, 669, 3, 500.00, 12, NULL, NULL),
(726, 670, 4, 200.00, 12, NULL, NULL),
(727, 671, 4, 100.00, 10, NULL, NULL),
(728, 672, 4, 300.00, 10, NULL, NULL),
(729, 673, 3, 3000.00, 11, NULL, NULL),
(730, 674, 13, 100.00, 10, NULL, NULL),
(731, 675, 3, 2500.00, 11, NULL, NULL),
(732, 676, 4, 100.00, 10, NULL, NULL),
(733, 677, 4, 200.00, 10, NULL, NULL),
(734, 678, 4, 250.00, 10, NULL, NULL),
(736, 680, 4, 250.00, 10, NULL, NULL),
(738, 681, 4, 250.00, 4, NULL, NULL),
(739, 682, 4, 200.00, 10, NULL, NULL),
(740, 679, 4, 200.00, 10, NULL, NULL),
(741, 683, 4, 150.00, 10, NULL, NULL),
(742, 684, 4, 300.00, 10, NULL, NULL),
(743, 685, 4, 200.00, 10, NULL, NULL),
(744, 686, 4, 150.00, 10, NULL, NULL),
(745, 687, 4, 150.00, 10, NULL, NULL),
(746, 688, 3, 4700.00, 11, NULL, NULL),
(747, 689, 4, 200.00, 10, NULL, NULL),
(748, 690, 4, 150.00, 10, NULL, NULL),
(749, 691, 3, 800.00, 11, NULL, NULL),
(750, 692, 4, 150.00, 10, NULL, NULL),
(751, 693, 4, 400.00, 10, NULL, NULL),
(752, 694, 4, 300.00, 10, NULL, NULL),
(753, 695, 4, 150.00, 10, NULL, NULL),
(754, 696, 4, 400.00, 10, NULL, NULL),
(755, 697, 4, 400.00, 11, NULL, NULL),
(756, 698, 4, 350.00, 4, NULL, NULL),
(757, 699, 4, 100.00, 5, NULL, NULL),
(758, 700, 4, 150.00, 22, NULL, NULL),
(759, 701, 3, 1350.00, 11, NULL, NULL),
(760, 702, 4, 150.00, 10, NULL, NULL),
(761, 703, 4, 2550.00, 10, NULL, NULL),
(762, 704, 4, 150.00, 4, NULL, NULL),
(763, 705, 3, 650.00, 5, NULL, NULL),
(764, 706, 3, 300.00, 5, NULL, NULL),
(765, 707, 4, 100.00, 8, NULL, NULL),
(766, 708, 4, 200.00, 10, NULL, NULL),
(767, 709, 4, 150.00, 5, NULL, NULL),
(768, 710, 4, 50.00, 5, NULL, NULL),
(769, 711, 4, 150.00, 10, NULL, NULL),
(770, 712, 4, 100.00, 5, NULL, NULL),
(771, 713, 4, 200.00, 22, NULL, NULL),
(772, 714, 4, 100.00, 8, NULL, NULL),
(773, 715, 3, 1200.00, 4, NULL, NULL),
(774, 716, 3, 700.00, 8, NULL, NULL),
(775, 717, 3, 700.00, 5, NULL, NULL),
(776, 718, 4, 200.00, 22, NULL, NULL),
(777, 719, 13, 100.00, 10, NULL, NULL),
(778, 720, 4, 200.00, 4, NULL, NULL),
(779, 721, 4, 250.00, 5, NULL, NULL),
(781, 722, 4, 150.00, 10, NULL, NULL),
(782, 723, 4, 150.00, 5, NULL, NULL),
(783, 724, 4, 100.00, 8, NULL, NULL),
(784, 725, 4, 100.00, 22, NULL, NULL),
(785, 726, 14, 1800.00, 4, NULL, NULL),
(786, 727, 4, 200.00, 11, NULL, NULL),
(787, 728, 4, 250.00, 4, NULL, NULL),
(788, 729, 4, 150.00, 5, NULL, NULL),
(789, 730, 13, 50.00, 22, NULL, NULL),
(790, 731, 4, 350.00, 8, NULL, NULL),
(791, 732, 4, 200.00, 5, NULL, NULL),
(792, 733, 4, 150.00, 4, NULL, NULL),
(793, 734, 4, 250.00, 10, NULL, NULL),
(794, 735, 3, 1500.00, 10, NULL, NULL),
(795, 736, 4, 150.00, 5, NULL, NULL),
(796, 737, 4, 150.00, 5, NULL, NULL),
(797, 738, 4, 200.00, 4, NULL, NULL),
(798, 739, 4, 200.00, 10, NULL, NULL),
(799, 740, 4, 200.00, 4, NULL, NULL),
(800, 741, 4, 150.00, 4, NULL, NULL),
(801, 742, 3, 200.00, 10, NULL, NULL),
(802, 743, 3, 2050.00, 10, NULL, NULL),
(803, 744, 15, 50.00, 4, NULL, NULL),
(804, 745, 4, 200.00, 8, NULL, NULL),
(805, 746, 4, 200.00, 4, NULL, NULL),
(806, 747, 4, 200.00, 22, NULL, NULL),
(807, 748, 4, 250.00, 10, NULL, NULL),
(808, 749, 4, 400.00, 10, NULL, NULL),
(809, 750, 4, 100.00, 4, NULL, NULL),
(810, 751, 4, 100.00, 22, NULL, NULL),
(811, 752, 4, 300.00, 5, NULL, NULL),
(812, 753, 4, 150.00, 15, NULL, NULL),
(814, 755, 4, 200.00, 10, NULL, NULL),
(815, 756, 4, 150.00, 10, NULL, NULL),
(817, 758, 15, 50.00, 5, NULL, NULL),
(818, 759, 4, 150.00, 4, NULL, NULL),
(819, 760, 13, 100.00, 22, NULL, NULL),
(821, 761, 3, 900.00, 8, NULL, NULL),
(822, 762, 4, 200.00, 5, NULL, NULL),
(823, 763, 4, 200.00, 22, NULL, NULL),
(824, 764, 8, 1900.00, 4, NULL, NULL),
(825, 765, 4, 250.00, 10, NULL, NULL),
(826, 766, 4, 150.00, 22, NULL, NULL),
(827, 767, 4, 250.00, 4, NULL, NULL),
(828, 768, 4, 50.00, 8, NULL, NULL),
(829, 769, 3, 1000.00, 5, NULL, NULL),
(830, 770, 4, 150.00, 5, NULL, NULL),
(831, 757, 4, 200.00, 5, NULL, NULL),
(832, 771, 4, 300.00, 10, NULL, NULL),
(833, 772, 3, 7600.00, 11, NULL, NULL),
(834, 773, 4, 200.00, 22, NULL, NULL),
(835, 774, 4, 400.00, 22, NULL, NULL),
(836, 775, 4, 150.00, 5, NULL, NULL),
(837, 754, 4, 400.00, 4, NULL, NULL),
(838, 776, 4, 200.00, 10, NULL, NULL),
(839, 777, 3, 1200.00, 4, NULL, NULL),
(840, 778, 4, 100.00, 8, NULL, NULL),
(841, 779, 4, 150.00, 10, NULL, NULL),
(842, 780, 4, 150.00, 4, NULL, NULL),
(843, 781, 4, 250.00, 22, NULL, NULL),
(844, 782, 4, 700.00, 5, NULL, NULL),
(845, 783, 15, 100.00, 22, NULL, NULL),
(846, 784, 4, 300.00, 10, NULL, NULL),
(847, 785, 3, 1800.00, 11, NULL, NULL),
(848, 786, 3, 1000.00, 4, NULL, NULL),
(849, 787, 4, 150.00, 5, NULL, NULL),
(850, 788, 4, 150.00, 8, NULL, NULL),
(851, 789, 4, 150.00, 4, NULL, NULL),
(852, 790, 4, 250.00, 5, NULL, NULL),
(853, 791, 3, 900.00, 10, NULL, NULL),
(855, 793, 3, 250.00, 12, NULL, NULL),
(856, 794, 8, 250.00, 5, NULL, NULL),
(857, 795, 4, 100.00, 5, NULL, NULL),
(858, 796, 4, 250.00, 8, NULL, NULL),
(859, 797, 4, 200.00, 22, NULL, NULL),
(860, 798, 13, 50.00, 22, NULL, NULL),
(861, 799, 4, 200.00, 22, NULL, NULL),
(862, 800, 4, 250.00, 12, NULL, NULL),
(863, 801, 8, 250.00, 5, NULL, NULL),
(864, 802, 4, 400.00, 10, NULL, NULL),
(865, 803, 4, 100.00, 8, NULL, NULL),
(866, 804, 4, 150.00, 8, NULL, NULL),
(867, 805, 4, 100.00, 8, NULL, NULL),
(868, 806, 4, 100.00, 5, NULL, NULL),
(869, 807, 4, 200.00, 4, NULL, NULL),
(870, 808, 13, 100.00, 8, NULL, NULL),
(871, 809, 4, 100.00, 5, NULL, NULL),
(872, 810, 4, 200.00, 5, NULL, NULL),
(873, 811, 4, 200.00, 4, NULL, NULL),
(874, 812, 4, 150.00, 5, NULL, NULL),
(875, 813, 4, 150.00, 8, NULL, NULL),
(876, 814, 4, 200.00, 4, NULL, NULL),
(877, 815, 4, 150.00, 4, NULL, NULL),
(878, 816, 11, 4000.00, 12, NULL, NULL),
(879, 633, 3, 700.00, 4, NULL, NULL),
(880, 817, 4, 150.00, 15, NULL, NULL),
(881, 818, 4, 100.00, 5, NULL, NULL),
(882, 819, 4, 150.00, 4, NULL, NULL),
(883, 820, 15, 100.00, 5, NULL, NULL),
(885, 822, 3, 1000.00, 10, NULL, NULL),
(886, 823, 4, 200.00, 5, NULL, NULL),
(887, 824, 4, 250.00, 12, NULL, NULL),
(888, 825, 4, 200.00, 10, NULL, NULL),
(889, 826, 4, 200.00, 10, NULL, NULL),
(890, 827, 4, 150.00, 10, NULL, NULL),
(891, 828, 4, 300.00, 5, NULL, NULL),
(892, 829, 4, 250.00, 10, NULL, NULL),
(893, 830, 4, 700.00, 10, NULL, NULL),
(894, 831, 3, 5500.00, 11, NULL, NULL),
(895, 833, 3, 3500.00, 11, NULL, NULL),
(897, 792, 3, 500.00, 11, NULL, NULL),
(898, 835, 5, 400.00, 11, NULL, NULL),
(899, 836, 4, 200.00, 10, NULL, NULL),
(900, 837, 4, 200.00, 8, NULL, NULL),
(901, 838, 4, 600.00, 10, NULL, NULL),
(902, 839, 4, 300.00, 10, NULL, NULL),
(903, 840, 3, 1500.00, 5, NULL, NULL),
(904, 841, 4, 150.00, 8, NULL, NULL),
(905, 842, 4, 300.00, 4, NULL, NULL),
(906, 843, 4, 200.00, 10, NULL, NULL),
(907, 844, 3, 1150.00, 4, NULL, NULL),
(908, 845, 4, 200.00, 8, NULL, NULL),
(909, 846, 4, 450.00, 22, NULL, NULL),
(910, 847, 4, 500.00, 22, NULL, NULL),
(911, 848, 4, 100.00, 8, NULL, NULL),
(912, 849, 3, 2000.00, 10, NULL, NULL),
(913, 850, 3, 800.00, 10, NULL, NULL),
(914, 851, 3, 250.00, 10, NULL, NULL),
(916, 852, 4, 100.00, 4, NULL, NULL),
(917, 853, 3, 400.00, 4, NULL, NULL),
(918, 854, 3, 2000.00, 4, NULL, NULL),
(919, 855, 4, 150.00, 8, NULL, NULL),
(920, 856, 4, 150.00, 8, NULL, NULL),
(921, 857, 13, 100.00, 22, NULL, NULL),
(922, 858, 4, 150.00, 4, NULL, NULL),
(923, 859, 4, 200.00, 22, NULL, NULL),
(924, 860, 4, 200.00, 8, NULL, NULL),
(925, 861, 4, 100.00, 8, NULL, NULL),
(926, 862, 4, 200.00, 22, NULL, NULL),
(927, 863, 3, 1050.00, 10, NULL, NULL),
(928, 864, 3, 1000.00, 12, NULL, NULL),
(929, 865, 5, 300.00, 11, NULL, NULL),
(930, 866, 4, 500.00, 8, NULL, NULL),
(931, 867, 3, 1700.00, 5, NULL, NULL),
(932, 868, 14, 900.00, 8, NULL, NULL),
(933, 869, 13, 100.00, 22, NULL, NULL),
(934, 870, 4, 200.00, 22, NULL, NULL),
(935, 871, 4, 100.00, 22, NULL, NULL),
(936, 872, 13, 50.00, 4, NULL, NULL),
(937, 873, 4, 150.00, 5, NULL, NULL),
(938, 874, 4, 50.00, 8, NULL, NULL),
(939, 875, 4, 100.00, 5, NULL, NULL),
(940, 876, 4, 200.00, 4, NULL, NULL),
(941, 877, 3, 1300.00, 5, NULL, NULL),
(942, 878, 3, 1700.00, 10, NULL, NULL),
(943, 879, 3, 1300.00, 4, NULL, NULL),
(944, 880, 3, 1300.00, 10, NULL, NULL),
(945, 881, 3, 2000.00, 4, NULL, NULL),
(946, 882, 4, 400.00, 10, NULL, NULL),
(947, 883, 8, 700.00, 4, NULL, NULL),
(948, 884, 4, 150.00, 22, NULL, NULL),
(949, 885, 4, 700.00, 10, NULL, NULL),
(950, 886, 3, 1600.00, 4, NULL, NULL),
(951, 887, 3, 1600.00, 5, NULL, NULL),
(952, 888, 3, 1100.00, 8, NULL, NULL),
(953, 889, 4, 300.00, 22, NULL, NULL),
(954, 890, 4, 200.00, 22, NULL, NULL),
(955, 891, 4, 100.00, 22, NULL, NULL),
(956, 892, 4, 100.00, 22, NULL, NULL),
(957, 893, 4, 200.00, 22, NULL, NULL),
(958, 896, 4, 150.00, 5, NULL, NULL),
(959, 897, 4, 100.00, 5, NULL, NULL),
(960, 898, 4, 100.00, 4, NULL, NULL),
(961, 899, 4, 250.00, 22, NULL, NULL),
(962, 900, 4, 250.00, 4, NULL, NULL),
(963, 901, 4, 100.00, 5, NULL, NULL),
(964, 902, 4, 350.00, 8, NULL, NULL),
(965, 903, 4, 250.00, 4, NULL, NULL),
(966, 904, 4, 1450.00, 4, NULL, NULL),
(967, 905, 4, 200.00, 10, NULL, NULL),
(968, 906, 4, 100.00, 8, NULL, NULL),
(969, 907, 4, 100.00, 5, NULL, NULL),
(970, 908, 4, 200.00, 11, NULL, NULL),
(971, 909, 4, 150.00, 4, NULL, NULL),
(972, 910, 4, 250.00, 10, NULL, NULL),
(973, 911, 4, 200.00, 5, NULL, NULL),
(974, 912, 4, 200.00, 22, NULL, NULL),
(975, 913, 9, 150.00, 4, NULL, NULL),
(976, 914, 4, 200.00, 5, NULL, NULL),
(977, 915, 4, 200.00, 4, NULL, NULL),
(978, 917, 4, 200.00, 10, NULL, NULL),
(979, 918, 4, 300.00, 4, NULL, NULL),
(980, 919, 14, 1000.00, 5, NULL, NULL),
(981, 920, 4, 200.00, 22, NULL, NULL),
(982, 921, 4, 200.00, 8, NULL, NULL),
(983, 922, 4, 300.00, 5, NULL, NULL),
(984, 923, 9, 150.00, 8, NULL, NULL),
(985, 924, 4, 300.00, 4, NULL, NULL),
(986, 925, 4, 100.00, 5, NULL, NULL),
(987, 926, 4, 220.00, 5, NULL, NULL),
(988, 927, 4, 200.00, 4, NULL, NULL),
(989, 928, 4, 250.00, 10, NULL, NULL),
(990, 929, 4, 150.00, 12, NULL, NULL),
(991, 930, 4, 200.00, 4, NULL, NULL),
(992, 931, 8, 250.00, 8, NULL, NULL),
(993, 932, 4, 400.00, 10, NULL, NULL),
(994, 933, 4, 150.00, 4, NULL, NULL),
(995, 934, 4, 200.00, 10, NULL, NULL),
(996, 935, 15, 50.00, 5, NULL, NULL),
(997, 936, 4, 550.00, 5, NULL, NULL),
(998, 937, 14, 500.00, 22, NULL, NULL),
(999, 938, 4, 650.00, 22, NULL, NULL),
(1000, 939, 3, 1500.00, 5, NULL, NULL),
(1001, 940, 4, 850.00, 8, NULL, NULL),
(1002, 941, 3, 300.00, 8, NULL, NULL),
(1003, 942, 4, 100.00, 8, NULL, NULL),
(1004, 943, 2, 500.00, 22, NULL, NULL),
(1005, 944, 4, 200.00, 8, NULL, NULL),
(1006, 945, 4, 300.00, 22, NULL, NULL),
(1007, 946, 4, 100.00, 22, NULL, NULL),
(1008, 947, 4, 200.00, 5, NULL, NULL),
(1009, 948, 4, 150.00, 4, NULL, NULL),
(1010, 949, 3, 1000.00, 10, NULL, NULL),
(1011, 950, 4, 150.00, 4, NULL, NULL),
(1012, 951, 4, 100.00, 5, NULL, NULL),
(1013, 952, 4, 200.00, 8, NULL, NULL),
(1014, 953, 3, 1000.00, 10, NULL, NULL),
(1015, 954, 14, 1200.00, 4, NULL, NULL),
(1016, 955, 4, 150.00, 4, NULL, NULL),
(1017, 956, 3, 300.00, 10, NULL, NULL),
(1018, 957, 4, 250.00, 8, NULL, NULL),
(1019, 958, 4, 150.00, 10, NULL, NULL),
(1020, 959, 4, 300.00, 22, NULL, NULL),
(1021, 961, 4, 150.00, 5, NULL, NULL),
(1022, 962, 4, 200.00, 22, NULL, NULL),
(1023, 963, 4, 100.00, 22, NULL, NULL),
(1024, 964, 4, 300.00, 5, NULL, NULL),
(1025, 965, 4, 350.00, 22, NULL, NULL),
(1026, 966, 4, 200.00, 4, NULL, NULL),
(1027, 969, 4, 100.00, 5, NULL, NULL),
(1028, 970, 13, 100.00, 22, NULL, NULL),
(1029, 971, 4, 300.00, 8, NULL, NULL),
(1030, 972, 4, 200.00, 4, NULL, NULL),
(1031, 973, 4, 200.00, 22, NULL, NULL),
(1032, 974, 3, 1250.00, 10, NULL, NULL),
(1033, 975, 4, 200.00, 8, NULL, NULL),
(1034, 977, 4, 200.00, 22, NULL, NULL),
(1035, 978, 4, 500.00, 10, NULL, NULL),
(1036, 979, 4, 300.00, 10, NULL, NULL),
(1037, 980, 4, 200.00, 5, NULL, NULL),
(1038, 981, 3, 150.00, 5, NULL, NULL),
(1039, 982, 4, 180.00, 10, NULL, NULL),
(1040, 983, 4, 200.00, 4, NULL, NULL),
(1041, 984, 13, 100.00, 8, NULL, NULL),
(1042, 985, 4, 1300.00, 10, NULL, NULL),
(1043, 986, 4, 200.00, 4, NULL, NULL),
(1044, 987, 4, 300.00, 5, NULL, NULL),
(1045, 988, 4, 150.00, 4, NULL, NULL),
(1046, 989, 4, 150.00, 5, NULL, NULL),
(1047, 990, 4, 700.00, 10, NULL, NULL),
(1048, 991, 3, 900.00, 5, NULL, NULL),
(1049, 992, 3, 1300.00, 5, NULL, NULL),
(1050, 993, 4, 600.00, 5, NULL, NULL),
(1051, 994, 4, 600.00, 22, NULL, NULL),
(1052, 995, 4, 200.00, 8, NULL, NULL),
(1053, 996, 4, 200.00, 5, NULL, NULL),
(1054, 997, 4, 450.00, 10, NULL, NULL),
(1055, 998, 4, 200.00, 22, NULL, NULL),
(1056, 999, 4, 150.00, 8, NULL, NULL),
(1057, 1000, 4, 150.00, 8, NULL, NULL),
(1058, 1001, 4, 600.00, 10, NULL, NULL),
(1059, 1002, 4, 200.00, 5, NULL, NULL),
(1060, 1003, 4, 150.00, 8, NULL, NULL),
(1061, 1004, 4, 200.00, 5, NULL, NULL),
(1062, 1005, 3, 1100.00, 4, NULL, NULL),
(1063, 1006, 4, 200.00, 4, NULL, NULL),
(1064, 1007, 4, 200.00, 10, NULL, NULL),
(1065, 1008, 4, 130.00, 5, NULL, NULL),
(1066, 1009, 4, 350.00, 8, NULL, NULL),
(1067, 1010, 4, 150.00, 5, NULL, NULL),
(1068, 1011, 4, 150.00, 4, NULL, NULL),
(1069, 1012, 4, 100.00, 5, NULL, NULL),
(1070, 1013, 4, 250.00, 5, NULL, NULL),
(1071, 1016, 14, 750.00, 22, NULL, NULL),
(1072, 1017, 4, 350.00, 10, NULL, NULL),
(1073, 1018, 4, 100.00, 12, NULL, NULL),
(1074, 1019, 11, 2500.00, 12, NULL, NULL),
(1075, 1020, 4, 250.00, 10, NULL, NULL),
(1076, 1021, 4, 150.00, 10, NULL, NULL),
(1077, 1022, 4, 200.00, 4, NULL, NULL),
(1078, 1023, 4, 100.00, 22, NULL, NULL),
(1079, 1024, 4, 150.00, 5, NULL, NULL),
(1080, 1025, 4, 150.00, 15, NULL, NULL),
(1081, 1026, 4, 100.00, 5, NULL, NULL),
(1082, 1027, 4, 100.00, 5, NULL, NULL),
(1083, 1028, 3, 700.00, 11, NULL, NULL),
(1084, 1029, 3, 550.00, 4, NULL, NULL),
(1085, 1030, 4, 750.00, 5, NULL, NULL),
(1086, 1031, 4, 350.00, 4, NULL, NULL),
(1087, 1032, 4, 200.00, 10, NULL, NULL),
(1088, 1033, 4, 250.00, 12, NULL, NULL),
(1089, 1034, 4, 150.00, 22, NULL, NULL),
(1090, 1035, 4, 300.00, 10, NULL, NULL),
(1091, 1036, 4, 150.00, 22, NULL, NULL),
(1092, 1037, 4, 250.00, 10, NULL, NULL),
(1093, 1038, 4, 150.00, 10, NULL, NULL),
(1094, 1039, 13, 50.00, 8, NULL, NULL),
(1095, 1040, 4, 250.00, 5, NULL, NULL),
(1096, 1041, 4, 150.00, 4, NULL, NULL),
(1097, 1042, 4, 150.00, 12, NULL, NULL),
(1098, 1043, 3, 900.00, 10, NULL, NULL),
(1099, 1044, 3, 700.00, 10, NULL, NULL),
(1100, 1045, 4, 250.00, 8, NULL, NULL),
(1101, 1048, 4, 300.00, 5, NULL, NULL),
(1102, 1049, 4, 300.00, 22, NULL, NULL),
(1103, 1050, 4, 200.00, 8, NULL, NULL),
(1104, 1051, 4, 150.00, 5, NULL, NULL),
(1105, 1052, 3, 1400.00, 10, NULL, NULL),
(1106, 1053, 4, 150.00, 22, NULL, NULL),
(1107, 1054, 4, 150.00, 8, NULL, NULL),
(1108, 1055, 4, 300.00, 5, NULL, NULL),
(1109, 1056, 4, 150.00, 15, NULL, NULL),
(1110, 1057, 4, 400.00, 4, NULL, NULL),
(1111, 1058, 4, 250.00, 8, NULL, NULL),
(1112, 1059, 4, 450.00, 5, NULL, NULL),
(1113, 1060, 4, 150.00, 5, NULL, NULL),
(1114, 1061, 4, 200.00, 8, NULL, NULL),
(1115, 1062, 4, 100.00, 5, NULL, NULL),
(1116, 1063, 4, 200.00, 4, NULL, NULL),
(1117, 1064, 5, 250.00, 12, NULL, NULL),
(1118, 1065, 4, 250.00, 4, NULL, NULL),
(1119, 1066, 4, 250.00, 5, NULL, NULL),
(1120, 1067, 5, 150.00, 4, NULL, NULL),
(1121, 1068, 4, 550.00, 22, NULL, NULL),
(1122, 1069, 4, 150.00, 4, NULL, NULL),
(1123, 1070, 4, 100.00, 12, NULL, NULL),
(1124, 1071, 4, 200.00, 22, NULL, NULL),
(1125, 1072, 4, 200.00, 4, NULL, NULL),
(1126, 1073, 4, 100.00, 4, NULL, NULL),
(1127, 1074, 3, 1200.00, 5, NULL, NULL),
(1128, 1075, 9, 300.00, 5, NULL, NULL),
(1129, 1076, 4, 500.00, 10, NULL, NULL),
(1130, 1077, 4, 200.00, 4, NULL, NULL),
(1131, 1078, 4, 200.00, 5, NULL, NULL),
(1132, 1079, 4, 300.00, 8, NULL, NULL),
(1133, 1080, 4, 200.00, 4, NULL, NULL),
(1134, 1081, 4, 400.00, 12, NULL, NULL),
(1135, 1082, 11, 3000.00, 12, NULL, NULL),
(1136, 1083, 4, 200.00, 10, NULL, NULL),
(1137, 1084, 4, 200.00, 10, NULL, NULL),
(1138, 1085, 4, 200.00, 10, NULL, NULL),
(1139, 1086, 3, 1300.00, 11, NULL, NULL),
(1140, 1087, 4, 250.00, 10, NULL, NULL),
(1141, 1088, 4, 200.00, 4, NULL, NULL),
(1142, 1089, 4, 200.00, 22, NULL, NULL),
(1143, 1090, 4, 200.00, 8, NULL, NULL),
(1144, 1091, 4, 500.00, 10, NULL, NULL),
(1145, 1092, 4, 250.00, 5, NULL, NULL),
(1146, 1093, 4, 150.00, 22, NULL, NULL),
(1147, 1094, 4, 200.00, 4, NULL, NULL),
(1148, 1095, 4, 150.00, 4, NULL, NULL),
(1149, 1096, 3, 2200.00, 10, NULL, NULL),
(1150, 1097, 4, 200.00, 12, NULL, NULL),
(1151, 1098, 3, 500.00, 22, NULL, NULL),
(1152, 1099, 4, 150.00, 22, NULL, NULL),
(1153, 1100, 4, 200.00, 4, NULL, NULL),
(1154, 1101, 4, 200.00, 4, NULL, NULL),
(1155, 1102, 4, 200.00, 8, NULL, NULL),
(1156, 1103, 4, 200.00, 5, NULL, NULL),
(1157, 1104, 4, 350.00, 10, NULL, NULL),
(1158, 1105, 4, 150.00, 4, NULL, NULL),
(1159, 1106, 3, 850.00, 22, NULL, NULL),
(1160, 1107, 4, 200.00, 8, NULL, NULL),
(1161, 1108, 4, 200.00, 22, NULL, NULL),
(1162, 1109, 4, 500.00, 5, NULL, NULL),
(1163, 1110, 4, 200.00, 4, NULL, NULL),
(1164, 1111, 4, 200.00, 4, NULL, NULL),
(1165, 1112, 3, 550.00, 10, NULL, NULL),
(1166, 1113, 3, 300.00, 4, NULL, NULL),
(1167, 1114, 4, 200.00, 5, NULL, NULL),
(1168, 1115, 3, 300.00, 8, NULL, NULL),
(1169, 1116, 4, 100.00, 22, NULL, NULL),
(1170, 1117, 3, 600.00, 5, NULL, NULL),
(1171, 1118, 3, 600.00, 4, NULL, NULL),
(1172, 1119, 4, 400.00, 22, NULL, NULL),
(1173, 1120, 3, 500.00, 8, NULL, NULL),
(1174, 1121, 4, 200.00, 5, NULL, NULL),
(1175, 1122, 4, 200.00, 22, NULL, NULL),
(1176, 1123, 8, 5000.00, 12, NULL, NULL),
(1177, 1124, 4, 300.00, 5, NULL, NULL),
(1178, 1125, 4, 200.00, 8, NULL, NULL),
(1179, 1126, 4, 300.00, 5, NULL, NULL),
(1180, 1127, 4, 200.00, 4, NULL, NULL),
(1181, 1128, 13, 50.00, 22, NULL, NULL),
(1182, 1129, 4, 200.00, 4, NULL, NULL),
(1183, 1130, 4, 200.00, 5, NULL, NULL),
(1184, 1131, 4, 200.00, 4, NULL, NULL),
(1185, 1132, 4, 150.00, 8, NULL, NULL),
(1186, 1133, 4, 200.00, 4, NULL, NULL),
(1187, 1134, 4, 200.00, 10, NULL, NULL),
(1188, 1135, 4, 250.00, 10, NULL, NULL),
(1189, 1136, 4, 100.00, 10, NULL, NULL),
(1190, 1137, 4, 200.00, 4, NULL, NULL),
(1191, 1138, 11, 3500.00, 12, NULL, NULL),
(1192, 1139, 4, 400.00, 5, NULL, NULL),
(1193, 1140, 4, 250.00, 5, NULL, NULL),
(1194, 1141, 4, 150.00, 15, NULL, NULL),
(1195, 1142, 14, 800.00, 4, NULL, NULL),
(1196, 1143, 13, 100.00, 22, NULL, NULL),
(1197, 1144, 4, 250.00, 4, NULL, NULL),
(1198, 1145, 4, 500.00, 12, NULL, NULL),
(1199, 1146, 4, 100.00, 10, NULL, NULL),
(1200, 1147, 4, 300.00, 10, NULL, NULL),
(1201, 1148, 4, 150.00, 8, NULL, NULL),
(1202, 1149, 4, 100.00, 5, NULL, NULL),
(1203, 1150, 4, 150.00, 8, NULL, NULL),
(1204, 1151, 4, 100.00, 5, NULL, NULL),
(1205, 1152, 4, 150.00, 4, NULL, NULL),
(1206, 1153, 4, 150.00, 8, NULL, NULL),
(1207, 1154, 13, 200.00, 22, NULL, NULL),
(1208, 1155, 4, 150.00, 8, NULL, NULL),
(1209, 1156, 4, 250.00, 5, NULL, NULL),
(1210, 1157, 4, 200.00, 4, NULL, NULL),
(1211, 1158, 4, 670.00, 10, NULL, NULL),
(1212, 1159, 4, 100.00, 4, NULL, NULL),
(1213, 1160, 4, 150.00, 4, NULL, NULL),
(1214, 1161, 4, 150.00, 8, NULL, NULL),
(1215, 1162, 3, 1000.00, 5, NULL, NULL),
(1216, 1163, 13, 50.00, 4, NULL, NULL),
(1217, 1164, 4, 250.00, 10, NULL, NULL),
(1218, 1165, 4, 550.00, 10, NULL, NULL),
(1219, 1166, 3, 1200.00, 10, NULL, NULL),
(1220, 1167, 4, 150.00, 4, NULL, NULL),
(1221, 1168, 4, 200.00, 8, NULL, NULL),
(1222, 1169, 4, 400.00, 10, NULL, NULL),
(1223, 1170, 4, 200.00, 10, NULL, NULL),
(1224, 1171, 4, 230.00, 12, NULL, NULL),
(1225, 1172, 3, 1000.00, 4, NULL, NULL),
(1226, 1173, 4, 800.00, 5, NULL, NULL),
(1227, 1174, 3, 1000.00, 8, NULL, NULL),
(1228, 1175, 4, 250.00, 22, NULL, NULL),
(1229, 1176, 3, 700.00, 22, NULL, NULL),
(1230, 1177, 4, 750.00, 10, NULL, NULL),
(1231, 1178, 4, 150.00, 10, NULL, NULL),
(1232, 1179, 3, 1800.00, 11, NULL, NULL),
(1233, 1180, 11, 2500.00, 12, NULL, NULL),
(1234, 1181, 3, 1250.00, 22, NULL, NULL),
(1235, 1182, 3, 450.00, 4, NULL, NULL),
(1236, 1183, 4, 600.00, 5, NULL, NULL),
(1237, 1184, 3, 1500.00, 4, NULL, NULL),
(1238, 1185, 4, 500.00, 12, NULL, NULL),
(1239, 1186, 4, 150.00, 5, NULL, NULL),
(1240, 1187, 4, 250.00, 22, NULL, NULL),
(1241, 1188, 4, 450.00, 8, NULL, NULL),
(1242, 1189, 14, 1000.00, 22, NULL, NULL),
(1243, 1190, 4, 200.00, 22, NULL, NULL),
(1244, 1191, 4, 350.00, 22, NULL, NULL),
(1245, 1192, 4, 200.00, 5, NULL, NULL),
(1246, 1193, 4, 200.00, 4, NULL, NULL),
(1247, 1194, 4, 100.00, 5, NULL, NULL),
(1248, 1195, 4, 300.00, 4, NULL, NULL),
(1249, 1196, 4, 350.00, 4, NULL, NULL),
(1250, 1197, 13, 50.00, 4, NULL, NULL),
(1251, 1198, 8, 300.00, 10, NULL, NULL),
(1252, 1199, 4, 100.00, 12, NULL, NULL),
(1253, 1200, 13, 150.00, 12, NULL, NULL),
(1254, 1201, 4, 200.00, 10, NULL, NULL),
(1255, 1202, 4, 150.00, 10, NULL, NULL),
(1256, 1203, 4, 200.00, 12, NULL, NULL),
(1257, 1204, 3, 1700.00, 12, NULL, NULL),
(1258, 1205, 3, 1200.00, 10, NULL, NULL),
(1259, 1206, 3, 2500.00, 11, NULL, NULL),
(1260, 1207, 3, 3000.00, 11, NULL, NULL),
(1261, 1208, 4, 200.00, 5, NULL, NULL),
(1262, 1209, 15, 100.00, 8, NULL, NULL),
(1263, 1210, 8, 150.00, 10, NULL, NULL),
(1264, 1211, 4, 200.00, 22, NULL, NULL),
(1265, 1212, 4, 600.00, 10, NULL, NULL),
(1266, 1213, 4, 150.00, 10, NULL, NULL),
(1267, 1214, 4, 200.00, 5, NULL, NULL),
(1268, 1215, 4, 400.00, 4, NULL, NULL),
(1269, 1216, 4, 400.00, 22, NULL, NULL),
(1270, 1217, 4, 200.00, 5, NULL, NULL),
(1271, 1222, 4, 950.00, 10, NULL, NULL),
(1272, 1223, 4, 100.00, 12, NULL, NULL),
(1273, 1224, 8, 100.00, 5, NULL, NULL),
(1274, 1225, 4, 250.00, 22, NULL, NULL),
(1275, 1226, 4, 150.00, 8, NULL, NULL),
(1276, 1227, 4, 500.00, 11, NULL, NULL),
(1277, 1228, 3, 1000.00, 5, NULL, NULL),
(1278, 1229, 4, 150.00, 8, NULL, NULL),
(1279, 1230, 5, 150.00, 11, NULL, NULL),
(1280, 1231, 4, 250.00, 4, NULL, NULL),
(1281, 1232, 8, 200.00, 4, NULL, NULL),
(1282, 1233, 4, 100.00, 5, NULL, NULL),
(1283, 1234, 4, 100.00, 5, NULL, NULL),
(1284, 1235, 8, 100.00, 10, NULL, NULL),
(1285, 1236, 4, 1400.00, 10, NULL, NULL),
(1286, 1238, 4, 100.00, 12, NULL, NULL),
(1287, 1239, 13, 50.00, 4, NULL, NULL),
(1288, 1240, 4, 200.00, 4, NULL, NULL),
(1289, 1241, 8, 50.00, 4, NULL, NULL),
(1290, 1242, 12, 600.00, 17, NULL, NULL),
(1291, 1243, 3, 800.00, 11, NULL, NULL),
(1292, 1244, 4, 300.00, 10, NULL, NULL),
(1293, 1245, 4, 250.00, 10, NULL, NULL),
(1294, 1246, 4, 500.00, 10, NULL, NULL),
(1295, 1247, 13, 100.00, 4, NULL, NULL),
(1296, 1248, 3, 550.00, 4, NULL, NULL),
(1297, 1249, 3, 1700.00, 4, NULL, NULL),
(1298, 1250, 3, 1200.00, 4, NULL, NULL),
(1299, 1251, 3, 950.00, 22, NULL, NULL),
(1300, 1252, 4, 250.00, 10, NULL, NULL),
(1301, 1253, 3, 1100.00, 10, NULL, NULL),
(1302, 1254, 4, 300.00, 11, NULL, NULL);

-- --------------------------------------------------------

--
-- Table structure for table `transactions`
--

CREATE TABLE `transactions` (
  `transaction_id` bigint(20) UNSIGNED NOT NULL,
  `transaction_date` date NOT NULL,
  `customer_id` bigint(20) UNSIGNED DEFAULT NULL,
  `employee_id` bigint(20) UNSIGNED DEFAULT NULL,
  `total_amount` double(10,2) NOT NULL,
  `paid` double(10,2) NOT NULL,
  `balance` double(10,2) NOT NULL,
  `entered_by` bigint(20) UNSIGNED NOT NULL,
  `created_at` timestamp NULL DEFAULT CURRENT_TIMESTAMP,
  `updated_at` timestamp NULL DEFAULT NULL
) ENGINE=InnoDB DEFAULT CHARSET=utf8mb4 COLLATE=utf8mb4_unicode_ci;

--
-- Dumping data for table `transactions`
--

INSERT INTO `transactions` (`transaction_id`, `transaction_date`, `customer_id`, `employee_id`, `total_amount`, `paid`, `balance`, `entered_by`, `created_at`, `updated_at`) VALUES
(1, '2020-02-17', 1, NULL, 190.00, 190.00, 0.00, 0, NULL, NULL),
(3, '2020-02-18', 3, NULL, 51.00, 51.00, 0.00, 0, NULL, NULL),
(4, '2020-02-22', 4, NULL, 215.00, 215.00, 0.00, 0, NULL, NULL),
(5, '2020-02-24', 5, 4, 150.00, 150.00, 0.00, 0, NULL, NULL),
(6, '2020-02-24', 6, 8, 100.00, 100.00, 0.00, 0, NULL, NULL),
(7, '2020-02-24', 7, 9, 200.00, 200.00, 0.00, 0, NULL, NULL),
(8, '2020-02-24', 8, 11, 200.00, 200.00, 0.00, 0, NULL, NULL),
(11, '2020-02-24', 11, 5, 1200.00, 1200.00, 0.00, 0, NULL, NULL),
(12, '2020-02-24', 12, 8, 100.00, 100.00, 0.00, 0, NULL, NULL),
(13, '2020-02-24', 13, 4, 50.00, 50.00, 0.00, 0, NULL, NULL),
(14, '2020-02-24', 14, 9, 700.00, 700.00, 0.00, 0, NULL, NULL),
(16, '2020-02-24', 16, 5, 200.00, 200.00, 0.00, 0, NULL, NULL),
(17, '2020-02-24', 17, 8, 150.00, 150.00, 0.00, 0, '2020-02-24 11:58:47', NULL),
(18, '2020-02-24', 18, 4, 100.00, 100.00, 0.00, 0, '2020-02-24 12:02:41', NULL),
(19, '2020-02-24', 19, 4, 150.00, 150.00, 0.00, 0, '2020-02-24 13:00:56', NULL),
(20, '2020-02-24', 20, 5, 250.00, 250.00, 0.00, 0, '2020-02-24 13:32:56', NULL),
(21, '2020-02-25', 21, 8, 100.00, 100.00, 0.00, 0, '2020-02-25 06:46:14', NULL),
(22, '2020-02-25', 22, 9, 100.00, 100.00, 0.00, 0, '2020-02-25 07:02:00', NULL),
(23, '2020-02-25', 23, 14, 100.00, 100.00, 0.00, 0, '2020-02-25 07:16:08', NULL),
(24, '2020-02-25', 24, 9, 50.00, 50.00, 0.00, 0, '2020-02-25 08:17:03', NULL),
(25, '2020-02-25', 25, 9, 50.00, 50.00, 0.00, 0, '2020-02-25 08:22:01', NULL),
(26, '2020-02-25', 26, 8, 200.00, 200.00, 0.00, 0, '2020-02-25 09:06:41', NULL),
(27, '2020-02-25', 27, 8, 100.00, 100.00, 0.00, 0, '2020-02-25 10:02:22', NULL),
(28, '2020-02-25', 28, 9, 150.00, 150.00, 0.00, 0, '2020-02-25 10:27:11', NULL),
(29, '2020-02-25', 29, 8, 150.00, 150.00, 0.00, 0, '2020-02-25 10:40:53', NULL),
(30, '2020-02-25', 30, 9, 200.00, 200.00, 0.00, 0, '2020-02-25 10:41:58', NULL),
(31, '2020-02-25', 31, 7, 4000.00, 4000.00, 0.00, 0, '2020-02-25 10:44:06', NULL),
(32, '2020-02-25', 32, 8, 100.00, 100.00, 0.00, 0, '2020-02-25 11:00:51', NULL),
(33, '2020-02-26', 33, 9, 200.00, 200.00, 0.00, 0, '2020-02-26 05:10:23', NULL),
(34, '2020-02-26', 34, 5, 200.00, 200.00, 0.00, 0, '2020-02-26 05:12:59', NULL),
(35, '2020-02-26', 35, 8, 50.00, 50.00, 0.00, 0, '2020-02-26 05:18:01', NULL),
(36, '2020-02-26', 36, 4, 100.00, 100.00, 0.00, 0, '2020-02-26 05:49:50', NULL),
(37, '2020-02-26', 37, 4, 50.00, 50.00, 0.00, 0, '2020-02-26 05:55:44', NULL),
(38, '2020-02-26', 38, 9, 1000.00, 1000.00, 0.00, 0, '2020-02-26 06:51:07', NULL),
(39, '2020-02-26', 39, 5, 150.00, 150.00, 0.00, 0, '2020-02-26 07:00:01', NULL),
(40, '2020-02-26', 40, 5, 50.00, 50.00, 0.00, 0, '2020-02-26 07:16:39', NULL),
(41, '2020-02-26', 41, 4, 100.00, 100.00, 0.00, 0, '2020-02-26 07:19:15', NULL),
(42, '2020-02-26', 42, 9, 200.00, 200.00, 0.00, 0, '2020-02-26 07:20:24', NULL),
(43, '2020-02-26', 43, 8, 100.00, 100.00, 0.00, 0, '2020-02-26 07:21:48', NULL),
(44, '2020-02-26', 44, 5, 150.00, 150.00, 0.00, 0, '2020-02-26 09:11:49', NULL),
(45, '2020-02-26', 45, 4, 100.00, 100.00, 0.00, 0, '2020-02-26 09:28:34', NULL),
(46, '2020-02-26', 46, 14, 4000.00, 4000.00, 0.00, 0, '2020-02-26 09:30:55', NULL),
(47, '2020-02-26', 47, 9, 200.00, 200.00, 0.00, 0, '2020-02-26 09:35:41', NULL),
(48, '2020-02-26', 48, 12, 200.00, 200.00, 0.00, 0, '2020-02-26 09:44:14', NULL),
(49, '2020-02-26', 50, 5, 250.00, 250.00, 0.00, 0, '2020-02-26 10:03:42', NULL),
(50, '2020-02-26', 51, 5, 470.00, 470.00, 0.00, 0, '2020-02-26 10:20:02', NULL),
(51, '2020-02-26', 52, 4, 150.00, 150.00, 0.00, 0, '2020-02-26 10:49:22', NULL),
(52, '2020-02-26', 53, 14, 4000.00, 4000.00, 0.00, 0, '2020-02-26 10:50:14', NULL),
(53, '2020-02-26', 54, 4, 100.00, 100.00, 0.00, 0, '2020-02-26 10:57:45', NULL),
(54, '2020-02-26', 55, 7, 4500.00, 4500.00, 0.00, 0, '2020-02-26 11:13:49', NULL),
(55, '2020-02-26', 56, 9, 100.00, 100.00, 0.00, 0, '2020-02-26 11:53:27', NULL),
(56, '2020-02-26', 57, 5, 150.00, 150.00, 0.00, 0, '2020-02-26 11:57:49', NULL),
(57, '2020-02-26', 58, 4, 800.00, 800.00, 0.00, 0, '2020-02-26 12:06:46', NULL),
(58, '2020-02-26', 59, 5, 200.00, 200.00, 0.00, 0, '2020-02-26 12:27:11', NULL),
(59, '2020-02-26', 60, 5, 150.00, 150.00, 0.00, 0, '2020-02-26 16:07:15', NULL),
(60, '2020-02-26', 61, 5, 250.00, 250.00, 0.00, 0, '2020-02-26 16:09:39', NULL),
(61, '2020-02-26', 62, 4, 1500.00, 1500.00, 0.00, 0, '2020-02-26 16:12:33', NULL),
(62, '2020-02-26', 63, 5, 100.00, 100.00, 0.00, 0, '2020-02-26 16:14:09', NULL),
(63, '2020-02-26', 64, 5, 200.00, 200.00, 0.00, 0, '2020-02-26 16:16:03', NULL),
(64, '2020-02-27', 65, 5, 100.00, 100.00, 0.00, 0, '2020-02-27 06:20:58', NULL),
(65, '2020-02-27', 66, 4, 100.00, 100.00, 0.00, 0, '2020-02-27 07:51:49', NULL),
(66, '2020-02-27', 67, 5, 250.00, 250.00, 0.00, 0, '2020-02-27 07:52:52', NULL),
(67, '2020-02-27', 68, 4, 200.00, 200.00, 0.00, 0, '2020-02-27 10:39:00', NULL),
(68, '2020-02-27', 69, 5, 100.00, 100.00, 0.00, 0, '2020-02-27 10:41:30', NULL),
(69, '2020-02-27', 70, 14, 6000.00, 6000.00, 0.00, 0, '2020-02-27 10:49:08', NULL),
(70, '2020-02-28', 71, 4, 1500.00, 1500.00, 0.00, 0, '2020-02-28 06:37:11', NULL),
(71, '2020-02-28', 72, 5, 2000.00, 1500.00, 500.00, 0, '2020-02-28 07:02:08', NULL),
(72, '2020-02-28', 73, 8, 100.00, 100.00, 0.00, 0, '2020-02-28 07:34:04', NULL),
(73, '2020-02-28', 74, 8, 50.00, 50.00, 0.00, 0, '2020-02-28 07:48:59', NULL),
(74, '2020-02-28', 75, 5, 100.00, 100.00, 0.00, 0, '2020-02-28 07:50:06', NULL),
(75, '2020-02-28', 76, 5, 50.00, 50.00, 0.00, 0, '2020-02-28 08:16:49', NULL),
(76, '2020-02-28', 77, 15, 50.00, 50.00, 0.00, 0, '2020-02-28 08:18:29', NULL),
(77, '2020-02-28', 78, 5, 100.00, 100.00, 0.00, 0, '2020-02-28 08:51:12', NULL),
(78, '2020-02-28', 79, 4, 1600.00, 1600.00, 0.00, 0, '2020-02-28 08:53:49', NULL),
(79, '2020-02-28', 80, 8, 300.00, 300.00, 0.00, 0, '2020-02-28 09:12:30', NULL),
(80, '2020-02-28', 81, 8, 50.00, 50.00, 0.00, 0, '2020-02-28 09:59:46', NULL),
(81, '2020-02-28', 82, 6, 100.00, 100.00, 0.00, 0, '2020-02-28 10:08:02', NULL),
(82, '2020-02-28', 83, 8, 100.00, 100.00, 0.00, 0, '2020-02-28 11:19:02', NULL),
(83, '2020-02-28', 84, 4, 150.00, 150.00, 0.00, 0, '2020-02-28 11:23:31', NULL),
(84, '2020-02-28', 85, 4, 100.00, 100.00, 0.00, 0, '2020-02-28 11:27:46', NULL),
(85, '2020-02-28', 86, 4, 250.00, 250.00, 0.00, 0, '2020-02-28 12:14:14', NULL),
(86, '2020-02-28', 87, 10, 600.00, 600.00, 0.00, 0, '2020-02-28 12:21:13', NULL),
(87, '2020-02-28', 88, 10, 100.00, 100.00, 0.00, 0, '2020-02-28 12:30:30', NULL),
(88, '2020-02-28', 89, 5, 150.00, 150.00, 0.00, 0, '2020-02-28 12:56:13', NULL),
(89, '2020-02-28', 90, 11, 800.00, 800.00, 0.00, 0, '2020-02-28 13:06:51', NULL),
(90, '2020-02-28', 91, 12, 200.00, 200.00, 0.00, 0, '2020-02-28 13:28:23', NULL),
(91, '2020-02-28', 92, 4, 100.00, 100.00, 0.00, 0, '2020-02-28 13:35:05', NULL),
(92, '2020-02-28', 93, 4, 100.00, 100.00, 0.00, 0, '2020-02-28 13:36:43', NULL),
(93, '2020-02-28', 94, 8, 150.00, 150.00, 0.00, 0, '2020-02-28 13:39:08', NULL),
(94, '2020-02-28', 95, 10, 100.00, 100.00, 0.00, 0, '2020-02-28 14:35:48', NULL),
(96, '2020-02-28', 97, 10, 200.00, 200.00, 0.00, 0, '2020-02-28 14:58:57', NULL),
(97, '2020-02-28', 98, 5, 300.00, 300.00, 0.00, 0, '2020-02-28 15:13:12', NULL),
(98, '2020-02-29', 99, 9, 150.00, 150.00, 0.00, 0, '2020-02-29 05:37:50', NULL),
(99, '2020-02-29', 100, 6, 50.00, 50.00, 0.00, 0, '2020-02-29 05:39:23', NULL),
(100, '2020-02-29', 101, 5, 700.00, 700.00, 0.00, 0, '2020-02-29 06:04:04', NULL),
(101, '2020-02-29', 102, 5, 200.00, 200.00, 0.00, 0, '2020-02-29 06:06:32', NULL),
(102, '2020-02-29', 103, 9, 200.00, 200.00, 0.00, 0, '2020-02-29 06:08:47', NULL),
(103, '2020-02-29', 104, 5, 150.00, 150.00, 0.00, 0, '2020-02-29 06:55:49', NULL),
(104, '2020-02-29', 105, 9, 300.00, 300.00, 0.00, 0, '2020-02-29 07:05:39', NULL),
(105, '2020-02-29', 106, 9, 100.00, 100.00, 0.00, 0, '2020-02-29 07:18:59', NULL),
(106, '2020-02-29', 107, 14, 2500.00, 2500.00, 0.00, 0, '2020-02-29 07:34:22', NULL),
(107, '2020-02-29', 108, 8, 300.00, 300.00, 0.00, 0, '2020-02-29 07:38:07', NULL),
(108, '2020-02-29', 109, 4, 200.00, 200.00, 0.00, 0, '2020-02-29 07:44:38', NULL),
(109, '2020-02-29', 110, 12, 5000.00, 5000.00, 0.00, 0, '2020-02-29 09:12:00', NULL),
(110, '2020-02-29', 111, 4, 800.00, 800.00, 0.00, 0, '2020-02-29 09:18:06', NULL),
(111, '2020-02-29', 112, 9, 800.00, 800.00, 0.00, 0, '2020-02-29 09:20:36', NULL),
(112, '2020-02-29', 113, 8, 250.00, 250.00, 0.00, 0, '2020-02-29 09:58:39', NULL),
(113, '2020-02-29', 114, 5, 150.00, 150.00, 0.00, 0, '2020-02-29 10:09:13', NULL),
(114, '2020-02-29', 115, 9, 400.00, 400.00, 0.00, 0, '2020-02-29 10:21:47', NULL),
(115, '2020-02-29', 116, 8, 150.00, 150.00, 0.00, 0, '2020-02-29 10:34:30', NULL),
(116, '2020-02-29', 117, 9, 150.00, 150.00, 0.00, 0, '2020-02-29 10:58:21', NULL),
(117, '2020-02-29', 118, 4, 400.00, 400.00, 0.00, 0, '2020-02-29 11:18:09', NULL),
(118, '2020-02-29', 119, 5, 400.00, 400.00, 0.00, 0, '2020-02-29 11:18:53', NULL),
(119, '2020-02-29', 120, 5, 50.00, 50.00, 0.00, 0, '2020-02-29 13:45:20', NULL),
(120, '2020-02-29', 121, 5, 650.00, 650.00, 0.00, 0, '2020-02-29 13:47:19', NULL),
(121, '2020-02-29', 122, 5, 150.00, 150.00, 0.00, 0, '2020-02-29 13:49:35', NULL),
(122, '2020-02-29', 123, 8, 700.00, 700.00, 0.00, 0, '2020-02-29 13:51:36', NULL),
(123, '2020-02-29', 124, 4, 1300.00, 1300.00, 0.00, 0, '2020-02-29 13:52:45', NULL),
(124, '2020-02-29', 125, 4, 100.00, 100.00, 0.00, 0, '2020-02-29 14:34:03', NULL),
(125, '2020-02-29', 126, 4, 150.00, 150.00, 0.00, 0, '2020-02-29 15:31:28', NULL),
(126, '2020-02-29', 127, 5, 100.00, 100.00, 0.00, 0, '2020-02-29 15:33:35', NULL),
(127, '2020-02-29', 128, 5, 250.00, 200.00, 50.00, 0, '2020-02-29 15:37:16', NULL),
(128, '2020-03-01', 129, 5, 150.00, 150.00, 0.00, 0, '2020-03-01 05:14:38', NULL),
(129, '2020-03-01', 130, 9, 800.00, 800.00, 0.00, 0, '2020-03-01 05:24:07', NULL),
(130, '2020-03-01', 131, 8, 100.00, 100.00, 0.00, 0, '2020-03-01 05:24:53', NULL),
(131, '2020-03-01', 132, 8, 150.00, 150.00, 0.00, 0, '2020-03-01 05:32:06', NULL),
(132, '2020-03-01', 133, 5, 150.00, 150.00, 0.00, 0, '2020-03-01 05:44:18', NULL),
(133, '2020-03-01', 134, 9, 200.00, 200.00, 0.00, 0, '2020-03-01 05:59:09', NULL),
(134, '2020-03-01', 135, 4, 150.00, 150.00, 0.00, 0, '2020-03-01 06:25:36', NULL),
(135, '2020-03-01', 136, 5, 150.00, 150.00, 0.00, 0, '2020-03-01 06:56:16', NULL),
(136, '2020-03-01', 137, 8, 150.00, 150.00, 0.00, 0, '2020-03-01 06:56:56', NULL),
(137, '2020-03-01', 138, 9, 200.00, 200.00, 0.00, 0, '2020-03-01 07:49:48', NULL),
(138, '2020-03-01', 139, 9, 150.00, 150.00, 0.00, 0, '2020-03-01 08:19:47', NULL),
(139, '2020-03-01', 140, 8, 200.00, 200.00, 0.00, 0, '2020-03-01 08:20:25', NULL),
(140, '2020-03-01', 141, 4, 130.00, 130.00, 0.00, 0, '2020-03-01 09:02:13', NULL),
(141, '2020-03-01', 142, 14, 500.00, 500.00, 0.00, 0, '2020-03-01 09:17:11', NULL),
(142, '2020-03-01', 143, 14, 1000.00, 1000.00, 0.00, 0, '2020-03-01 09:18:04', NULL),
(144, '2020-03-01', 145, 9, 200.00, 200.00, 0.00, 0, '2020-03-01 09:50:07', NULL),
(145, '2020-03-01', 146, 4, 150.00, 150.00, 0.00, 0, '2020-03-01 09:51:14', NULL),
(146, '2020-03-01', 147, 5, 50.00, 50.00, 0.00, 0, '2020-03-01 09:53:49', NULL),
(147, '2020-03-01', 148, 4, 150.00, 150.00, 0.00, 0, '2020-03-01 11:40:18', NULL),
(148, '2020-03-01', 149, 8, 100.00, 100.00, 0.00, 0, '2020-03-01 11:55:59', NULL),
(149, '2020-03-01', 150, 4, 100.00, 100.00, 0.00, 0, '2020-03-01 12:04:12', NULL),
(150, '2020-03-01', 151, 9, 250.00, 250.00, 0.00, 0, '2020-03-01 12:09:44', NULL),
(151, '2020-03-01', 152, 10, 150.00, 150.00, 0.00, 0, '2020-03-01 12:44:04', NULL),
(152, '2020-03-01', 153, 10, 200.00, 200.00, 0.00, 0, '2020-03-01 12:45:18', NULL),
(153, '2020-03-01', 154, 10, 1000.00, 1000.00, 0.00, 0, '2020-03-01 12:46:15', NULL),
(154, '2020-03-01', 155, 4, 150.00, 150.00, 0.00, 0, '2020-03-01 12:47:31', NULL),
(155, '2020-03-01', 156, 12, 300.00, 300.00, 0.00, 0, '2020-03-01 12:49:33', NULL),
(156, '2020-03-01', 157, 10, 50.00, 50.00, 0.00, 0, '2020-03-01 12:56:16', NULL),
(157, '2020-03-01', 158, 10, 150.00, 150.00, 0.00, 0, '2020-03-01 14:17:00', NULL),
(158, '2020-03-01', 159, 9, 100.00, 100.00, 0.00, 0, '2020-03-01 14:35:26', NULL),
(159, '2020-03-01', 160, 10, 300.00, 300.00, 0.00, 0, '2020-03-01 14:50:21', NULL),
(160, '2020-03-01', 161, 12, 50.00, 50.00, 0.00, 0, '2020-03-01 14:51:02', NULL),
(161, '2020-03-01', 162, 12, 50.00, 50.00, 0.00, 0, '2020-03-01 14:51:24', NULL),
(162, '2020-03-01', 163, 5, 50.00, 50.00, 0.00, 0, '2020-03-01 15:00:08', NULL),
(163, '2020-03-01', 164, 4, 2000.00, 2000.00, 0.00, 0, '2020-03-01 15:01:52', NULL),
(165, '2020-03-01', 167, 5, 150.00, 150.00, 0.00, 0, '2020-03-01 15:07:52', NULL),
(166, '2020-03-02', 168, 8, 50.00, 50.00, 0.00, 0, '2020-03-02 05:06:14', NULL),
(167, '2020-03-02', 169, 9, 50.00, 50.00, 0.00, 0, '2020-03-02 05:07:24', NULL),
(168, '2020-03-02', 170, 15, 100.00, 100.00, 0.00, 0, '2020-03-02 06:22:32', NULL),
(169, '2020-03-02', 171, 9, 300.00, 300.00, 0.00, 0, '2020-03-02 07:00:44', NULL),
(170, '2020-03-02', 172, 5, 100.00, 100.00, 0.00, 0, '2020-03-02 07:05:49', NULL),
(171, '2020-03-02', 173, 4, 100.00, 100.00, 0.00, 0, '2020-03-02 07:11:30', NULL),
(172, '2020-03-02', 174, 8, 50.00, 50.00, 0.00, 0, '2020-03-02 07:13:19', NULL),
(173, '2020-03-02', 175, 9, 250.00, 250.00, 0.00, 0, '2020-03-02 07:53:46', NULL),
(174, '2020-03-02', 176, 8, 50.00, 50.00, 0.00, 0, '2020-03-02 08:01:03', NULL),
(175, '2020-03-02', 177, 4, 150.00, 150.00, 0.00, 0, '2020-03-02 08:30:13', NULL),
(176, '2020-03-02', 178, 9, 100.00, 100.00, 0.00, 0, '2020-03-02 08:31:45', NULL),
(177, '2020-03-02', 179, 9, 100.00, 100.00, 0.00, 0, '2020-03-02 10:09:16', NULL),
(178, '2020-03-02', 180, 5, 100.00, 100.00, 0.00, 0, '2020-03-02 10:10:04', NULL),
(179, '2020-03-02', 181, 5, 200.00, 200.00, 0.00, 0, '2020-03-02 10:17:35', NULL),
(180, '2020-03-02', 182, 14, 400.00, 400.00, 0.00, 0, '2020-03-02 10:36:07', NULL),
(181, '2020-03-02', 183, 9, 1000.00, 800.00, 200.00, 0, '2020-03-02 10:55:58', NULL),
(182, '2020-03-02', 184, 12, 200.00, 200.00, 0.00, 0, '2020-03-02 11:09:30', NULL),
(183, '2020-03-02', 185, 9, 150.00, 150.00, 0.00, 0, '2020-03-02 11:25:18', NULL),
(184, '2020-03-02', 186, 8, 100.00, 100.00, 0.00, 0, '2020-03-02 11:46:13', NULL),
(185, '2020-03-02', 187, 5, 150.00, 150.00, 0.00, 0, '2020-03-02 12:09:28', NULL),
(186, '2020-03-02', 188, 4, 200.00, 200.00, 0.00, 0, '2020-03-02 12:36:59', NULL),
(187, '2020-03-02', 189, 5, 200.00, 200.00, 0.00, 0, '2020-03-02 12:40:43', NULL),
(188, '2020-03-02', 190, 12, 4500.00, 4500.00, 0.00, 0, '2020-03-02 12:41:27', NULL),
(189, '2020-03-02', 191, 10, 100.00, 100.00, 0.00, 0, '2020-03-02 13:48:45', NULL),
(190, '2020-03-02', 192, 10, 1300.00, 1300.00, 0.00, 0, '2020-03-02 13:52:00', NULL),
(191, '2020-03-02', 193, 10, 100.00, 100.00, 0.00, 0, '2020-03-02 13:52:53', NULL),
(192, '2020-03-02', 194, 10, 150.00, 150.00, 0.00, 0, '2020-03-02 13:53:54', NULL),
(193, '2020-03-02', 195, 10, 500.00, 500.00, 0.00, 0, '2020-03-02 13:55:53', NULL),
(194, '2020-03-02', 196, 10, 2000.00, 2000.00, 0.00, 0, '2020-03-02 13:56:40', NULL),
(195, '2020-03-02', 197, 11, 1000.00, 1000.00, 0.00, 0, '2020-03-02 13:57:56', NULL),
(196, '2020-03-02', 198, 11, 500.00, 500.00, 0.00, 0, '2020-03-02 13:58:56', NULL),
(197, '2020-03-02', 199, 11, 300.00, 300.00, 0.00, 0, '2020-03-02 14:00:04', NULL),
(198, '2020-03-02', 200, 4, 150.00, 150.00, 0.00, 0, '2020-03-02 15:14:44', NULL),
(199, '2020-03-02', 201, 4, 100.00, 100.00, 0.00, 0, '2020-03-02 15:15:31', NULL),
(200, '2020-03-02', 202, 5, 250.00, 250.00, 0.00, 0, '2020-03-02 15:16:11', NULL),
(201, '2020-03-02', 203, 10, 400.00, 400.00, 0.00, 0, '2020-03-02 15:16:50', NULL),
(202, '2020-03-03', 204, 15, 50.00, 50.00, 0.00, 0, '2020-03-03 12:25:52', NULL),
(203, '2020-03-03', 205, 15, 50.00, 50.00, 0.00, 0, '2020-03-03 12:28:12', NULL),
(204, '2020-03-03', 206, 9, 100.00, 100.00, 0.00, 0, '2020-03-03 12:31:29', NULL),
(205, '2020-03-03', 207, 9, 100.00, 100.00, 0.00, 0, '2020-03-03 12:32:19', NULL),
(206, '2020-03-03', 208, 9, 100.00, 100.00, 0.00, 0, '2020-03-03 12:33:27', NULL),
(207, '2020-03-03', 209, 5, 250.00, 250.00, 0.00, 0, '2020-03-03 12:34:25', NULL),
(208, '2020-03-03', 214, 5, 250.00, 250.00, 0.00, 0, '2020-03-03 12:39:26', NULL),
(209, '2020-03-03', 215, 9, 350.00, 350.00, 0.00, 0, '2020-03-03 12:40:17', NULL),
(210, '2020-03-03', 216, 9, 200.00, 200.00, 0.00, 0, '2020-03-03 12:41:16', NULL),
(211, '2020-03-04', 217, 9, 150.00, 150.00, 0.00, 0, '2020-03-04 04:58:15', NULL),
(212, '2020-03-04', 218, 16, 100.00, 100.00, 0.00, 0, '2020-03-04 05:10:59', NULL),
(214, '2020-03-04', 222, 5, 200.00, 200.00, 0.00, 0, '2020-03-04 06:08:42', NULL),
(215, '2020-03-04', 223, 9, 500.00, 500.00, 0.00, 0, '2020-03-04 06:09:47', NULL),
(216, '2020-03-04', 224, 8, 50.00, 50.00, 0.00, 0, '2020-03-04 06:13:16', NULL),
(217, '2020-03-04', 225, 4, 150.00, 150.00, 0.00, 0, '2020-03-04 06:21:32', NULL),
(218, '2020-03-04', 226, 5, 200.00, 200.00, 0.00, 0, '2020-03-04 06:42:55', NULL),
(219, '2020-03-04', 227, 9, 900.00, 900.00, 0.00, 0, '2020-03-04 06:43:53', NULL),
(220, '2020-03-04', 228, 5, 200.00, 200.00, 0.00, 0, '2020-03-04 07:22:22', NULL),
(221, '2020-03-04', 229, 14, 400.00, 400.00, 0.00, 0, '2020-03-04 07:26:47', NULL),
(222, '2020-03-04', 230, 5, 150.00, 150.00, 0.00, 0, '2020-03-04 08:23:03', NULL),
(223, '2020-03-04', 232, 5, 150.00, 150.00, 0.00, 0, '2020-03-04 08:24:37', NULL),
(224, '2020-03-04', 233, 8, 50.00, 50.00, 0.00, 0, '2020-03-04 08:25:45', NULL),
(225, '2020-03-04', 234, 9, 1600.00, 1600.00, 0.00, 0, '2020-03-04 08:33:02', NULL),
(226, '2020-03-04', 235, 5, 800.00, 800.00, 0.00, 0, '2020-03-04 08:47:56', NULL),
(227, '2020-03-04', 236, 5, 150.00, 150.00, 0.00, 0, '2020-03-04 09:54:09', NULL),
(228, '2020-03-04', 237, 8, 50.00, 50.00, 0.00, 0, '2020-03-04 11:02:41', NULL),
(229, '2020-03-04', 238, 4, 650.00, 650.00, 0.00, 0, '2020-03-04 11:05:07', NULL),
(230, '2020-03-04', 239, 9, 50.00, 50.00, 0.00, 0, '2020-03-04 11:06:27', NULL),
(231, '2020-03-04', 240, 4, 150.00, 150.00, 0.00, 0, '2020-03-04 11:57:17', NULL),
(232, '2020-03-04', 241, 5, 200.00, 200.00, 0.00, 0, '2020-03-04 11:58:02', NULL),
(233, '2020-03-04', 242, 5, 100.00, 100.00, 0.00, 0, '2020-03-04 12:27:00', NULL),
(234, '2020-03-04', 243, 16, 250.00, 250.00, 0.00, 0, '2020-03-04 12:42:43', NULL),
(235, '2020-03-04', 244, 8, 100.00, 100.00, 0.00, 0, '2020-03-04 12:45:03', NULL),
(236, '2020-03-04', 245, 16, 100.00, 100.00, 0.00, 0, '2020-03-04 12:46:29', NULL),
(237, '2020-03-04', 246, 11, 100.00, 100.00, 0.00, 0, '2020-03-04 12:48:12', NULL),
(238, '2020-03-04', 247, 4, 150.00, 150.00, 0.00, 0, '2020-03-04 12:50:31', NULL),
(239, '2020-03-04', 248, 4, 100.00, 100.00, 0.00, 0, '2020-03-04 15:03:41', NULL),
(240, '2020-03-04', 249, 5, 100.00, 100.00, 0.00, 0, '2020-03-04 15:05:22', NULL),
(241, '2020-03-05', 250, 9, 150.00, 150.00, 0.00, 0, '2020-03-05 06:09:11', NULL),
(242, '2020-03-05', 251, 9, 150.00, 150.00, 0.00, 0, '2020-03-05 06:10:10', NULL),
(243, '2020-03-05', 252, 4, 50.00, 50.00, 0.00, 0, '2020-03-05 06:10:39', NULL),
(244, '2020-03-05', 253, 9, 50.00, 50.00, 0.00, 0, '2020-03-05 06:11:22', NULL),
(245, '2020-03-05', 254, 8, 100.00, 100.00, 0.00, 0, '2020-03-05 06:35:37', NULL),
(246, '2020-03-05', 255, 9, 150.00, 150.00, 0.00, 0, '2020-03-05 10:01:22', NULL),
(247, '2020-03-05', 256, 5, 50.00, 50.00, 0.00, 0, '2020-03-05 10:02:49', NULL),
(248, '2020-03-05', 257, 5, 100.00, 100.00, 0.00, 0, '2020-03-05 10:03:49', NULL),
(249, '2020-03-05', 258, 8, 50.00, 50.00, 0.00, 0, '2020-03-05 10:04:30', NULL),
(250, '2020-03-05', 259, 4, 50.00, 50.00, 0.00, 0, '2020-03-05 10:19:08', NULL),
(251, '2020-03-05', 260, 11, 3500.00, 3500.00, 0.00, 0, '2020-03-05 11:45:20', NULL),
(252, '2020-03-05', 261, 10, 400.00, 400.00, 0.00, 0, '2020-03-05 12:07:03', NULL),
(253, '2020-03-05', 262, 10, 500.00, 500.00, 0.00, 0, '2020-03-05 12:09:59', NULL),
(254, '2020-03-05', 263, 10, 650.00, 650.00, 0.00, 0, '2020-03-05 13:27:03', NULL),
(255, '2020-03-05', 264, 4, 150.00, 150.00, 0.00, 0, '2020-03-05 14:32:01', NULL),
(256, '2020-03-05', 265, 5, 100.00, 100.00, 0.00, 0, '2020-03-05 14:33:22', NULL),
(257, '2020-03-05', 266, 8, 300.00, 300.00, 0.00, 0, '2020-03-05 14:37:12', NULL),
(258, '2020-03-05', 267, 5, 100.00, 100.00, 0.00, 0, '2020-03-05 14:40:49', NULL),
(259, '2020-03-06', 268, 6, 50.00, 50.00, 0.00, 0, '2020-03-06 05:31:45', NULL),
(260, '2020-03-06', 269, 8, 150.00, 150.00, 0.00, 0, '2020-03-06 05:32:54', NULL),
(261, '2020-03-06', 270, 9, 1050.00, 1050.00, 0.00, 0, '2020-03-06 05:34:11', NULL),
(262, '2020-03-06', 271, 12, 3500.00, 3500.00, 0.00, 0, '2020-03-06 05:35:19', NULL),
(263, '2020-03-06', 272, 9, 500.00, 500.00, 0.00, 0, '2020-03-06 06:14:43', NULL),
(264, '2020-03-06', 273, 9, 150.00, 150.00, 0.00, 0, '2020-03-06 06:15:36', NULL),
(265, '2020-03-06', 274, 4, 200.00, 200.00, 0.00, 0, '2020-03-06 06:26:42', NULL),
(266, '2020-03-06', 275, 8, 150.00, 150.00, 0.00, 0, '2020-03-06 06:33:08', NULL),
(267, '2020-03-06', 276, 9, 100.00, 100.00, 0.00, 0, '2020-03-06 08:05:05', NULL),
(268, '2020-03-06', 277, 4, 100.00, 100.00, 0.00, 0, '2020-03-06 08:06:08', NULL),
(269, '2020-03-06', 278, 8, 100.00, 100.00, 0.00, 0, '2020-03-06 08:07:27', NULL),
(270, '2020-03-06', 279, 15, 50.00, 0.00, 50.00, 0, '2020-03-06 08:08:56', NULL),
(271, '2020-03-06', 280, 4, 50.00, 50.00, 0.00, 0, '2020-03-06 08:09:33', NULL),
(272, '2020-03-06', 281, 4, 150.00, 150.00, 0.00, 0, '2020-03-06 09:13:59', NULL),
(273, '2020-03-06', 282, 9, 150.00, 150.00, 0.00, 0, '2020-03-06 09:15:01', NULL),
(274, '2020-03-06', 283, 8, 600.00, 600.00, 0.00, 0, '2020-03-06 09:38:19', NULL),
(276, '2020-03-06', 285, 9, 500.00, 500.00, 0.00, 0, '2020-03-06 09:46:26', NULL),
(277, '2020-03-06', 286, 14, 700.00, 700.00, 0.00, 0, '2020-03-06 09:53:22', NULL),
(278, '2020-03-06', 287, 9, 150.00, 150.00, 0.00, 0, '2020-03-06 10:23:00', NULL),
(279, '2020-03-06', 288, 9, 100.00, 100.00, 0.00, 0, '2020-03-06 10:48:04', NULL),
(280, '2020-03-06', 289, 8, 200.00, 150.00, 50.00, 0, '2020-03-06 10:50:49', NULL),
(281, '2020-03-06', 290, 8, 200.00, 150.00, 50.00, 0, '2020-03-06 11:01:48', NULL),
(282, '2020-03-06', 291, 6, 50.00, 50.00, 0.00, 0, '2020-03-06 11:02:40', NULL),
(283, '2020-03-06', 292, 12, 2500.00, 2500.00, 0.00, 0, '2020-03-06 12:03:02', NULL),
(284, '2020-03-06', 293, 10, 50.00, 50.00, 0.00, 0, '2020-03-06 12:16:26', NULL),
(285, '2020-03-06', 294, 16, 50.00, 50.00, 0.00, 0, '2020-03-06 12:17:13', NULL),
(286, '2020-03-06', 295, 10, 200.00, 200.00, 0.00, 0, '2020-03-06 12:18:30', NULL),
(287, '2020-03-06', 296, 11, 700.00, 700.00, 0.00, 0, '2020-03-06 12:24:17', NULL),
(288, '2020-03-07', 297, 4, 600.00, 600.00, 0.00, 0, '2020-03-07 05:33:10', NULL),
(289, '2020-03-07', 298, 4, 2000.00, 2000.00, 0.00, 0, '2020-03-07 05:34:05', NULL),
(290, '2020-03-07', 299, 8, 200.00, 200.00, 0.00, 0, '2020-03-07 06:44:12', NULL),
(291, '2020-03-07', 300, 5, 100.00, 100.00, 0.00, 0, '2020-03-07 06:48:00', NULL),
(292, '2020-03-07', 301, 8, 70.00, 70.00, 0.00, 0, '2020-03-07 07:45:08', NULL),
(293, '2020-03-07', 302, 4, 100.00, 100.00, 0.00, 0, '2020-03-07 08:05:58', NULL),
(294, '2020-03-07', 303, 5, 150.00, 150.00, 0.00, 0, '2020-03-07 08:17:33', NULL),
(295, '2020-03-07', 304, 8, 100.00, 100.00, 0.00, 0, '2020-03-07 08:18:18', NULL),
(296, '2020-03-07', 305, 8, 150.00, 150.00, 0.00, 0, '2020-03-07 08:55:51', NULL),
(297, '2020-03-07', 306, 5, 170.00, 170.00, 0.00, 0, '2020-03-07 10:45:45', NULL),
(298, '2020-03-07', 307, 8, 150.00, 150.00, 0.00, 0, '2020-03-07 11:04:33', NULL),
(299, '2020-03-07', 308, 5, 100.00, 100.00, 0.00, 0, '2020-03-07 11:19:15', NULL),
(300, '2020-03-07', 309, 4, 100.00, 100.00, 0.00, 0, '2020-03-07 11:24:07', NULL),
(301, '2020-03-07', 310, 10, 100.00, 100.00, 0.00, 0, '2020-03-07 11:36:30', NULL),
(302, '2020-03-07', 311, 10, 200.00, 200.00, 0.00, 0, '2020-03-07 11:37:20', NULL),
(303, '2020-03-07', 312, 10, 150.00, 150.00, 0.00, 0, '2020-03-07 11:38:12', NULL),
(304, '2020-03-07', 313, 10, 200.00, 200.00, 0.00, 0, '2020-03-07 11:39:12', NULL),
(305, '2020-03-07', 314, 12, 100.00, 100.00, 0.00, 0, '2020-03-07 11:39:59', NULL),
(306, '2020-03-07', 315, 10, 500.00, 500.00, 0.00, 0, '2020-03-07 12:52:23', NULL),
(307, '2020-03-07', 316, 10, 150.00, 150.00, 0.00, 0, '2020-03-07 14:19:20', NULL),
(308, '2020-03-07', 317, 16, 150.00, 150.00, 0.00, 0, '2020-03-07 14:29:53', NULL),
(309, '2020-03-08', 318, 4, 700.00, 700.00, 0.00, 0, '2020-03-08 04:58:05', NULL),
(310, '2020-03-08', 319, 5, 700.00, 700.00, 0.00, 0, '2020-03-08 04:58:39', NULL),
(311, '2020-03-08', 320, 9, 150.00, 150.00, 0.00, 0, '2020-03-08 05:30:57', NULL),
(312, '2020-03-08', 321, 8, 100.00, 100.00, 0.00, 0, '2020-03-08 06:32:58', NULL),
(313, '2020-03-08', 322, 9, 1100.00, 1100.00, 0.00, 0, '2020-03-08 07:14:55', NULL),
(314, '2020-03-08', 323, 9, 250.00, 250.00, 0.00, 0, '2020-03-08 07:15:45', NULL),
(315, '2020-03-08', 324, 5, 50.00, 50.00, 0.00, 0, '2020-03-08 07:22:11', NULL),
(316, '2020-03-08', 325, 4, 150.00, 150.00, 0.00, 0, '2020-03-08 07:24:51', NULL),
(317, '2020-03-08', 326, 9, 150.00, 150.00, 0.00, 0, '2020-03-08 07:26:38', NULL),
(318, '2020-03-08', 327, 5, 50.00, 50.00, 0.00, 0, '2020-03-08 07:39:43', NULL),
(319, '2020-03-08', 328, 9, 100.00, 100.00, 0.00, 0, '2020-03-08 08:09:44', NULL),
(320, '2020-03-08', 329, 5, 100.00, 100.00, 0.00, 0, '2020-03-08 08:11:22', NULL),
(321, '2020-03-08', 330, 4, 200.00, 200.00, 0.00, 0, '2020-03-08 08:58:08', NULL),
(322, '2020-03-08', 331, 9, 150.00, 150.00, 0.00, 0, '2020-03-08 09:17:07', NULL),
(323, '2020-03-08', 332, 4, 150.00, 150.00, 0.00, 0, '2020-03-08 09:40:14', NULL),
(324, '2020-03-08', 333, 5, 100.00, 100.00, 0.00, 0, '2020-03-08 09:41:34', NULL),
(325, '2020-03-08', 334, 9, 200.00, 200.00, 0.00, 0, '2020-03-08 10:01:59', NULL),
(326, '2020-03-08', 335, 8, 150.00, 150.00, 0.00, 0, '2020-03-08 10:02:53', NULL),
(327, '2020-03-08', 336, 6, 50.00, 50.00, 0.00, 0, '2020-03-08 10:10:42', NULL),
(328, '2020-03-08', 337, 5, 100.00, 100.00, 0.00, 0, '2020-03-08 10:17:50', NULL),
(329, '2020-03-08', 338, 9, 200.00, 200.00, 0.00, 0, '2020-03-08 11:02:09', NULL),
(330, '2020-03-08', 339, 8, 100.00, 100.00, 0.00, 0, '2020-03-08 11:03:12', NULL),
(331, '2020-03-08', 340, 9, 100.00, 100.00, 0.00, 0, '2020-03-08 11:04:53', NULL),
(332, '2020-03-08', 341, 9, 200.00, 200.00, 0.00, 0, '2020-03-08 11:05:39', NULL),
(333, '2020-03-08', 342, 14, 400.00, 400.00, 0.00, 0, '2020-03-08 11:25:03', NULL),
(334, '2020-03-08', 343, 18, 1000.00, 1000.00, 0.00, 0, '2020-03-08 11:29:14', NULL),
(335, '2020-03-08', 344, 14, 400.00, 400.00, 0.00, 0, '2020-03-08 11:30:11', NULL),
(336, '2020-03-08', 345, 9, 200.00, 200.00, 0.00, 0, '2020-03-08 11:50:17', NULL),
(337, '2020-03-08', 346, 4, 100.00, 100.00, 0.00, 0, '2020-03-08 13:05:48', NULL),
(338, '2020-03-08', 347, 10, 200.00, 200.00, 0.00, 0, '2020-03-08 14:02:00', NULL),
(339, '2020-03-08', 348, 10, 150.00, 150.00, 0.00, 0, '2020-03-08 14:03:24', NULL),
(340, '2020-03-08', 349, 10, 300.00, 300.00, 0.00, 0, '2020-03-08 14:04:31', NULL),
(341, '2020-03-08', 350, 10, 150.00, 150.00, 0.00, 0, '2020-03-08 14:05:21', NULL),
(342, '2020-03-08', 351, 10, 100.00, 100.00, 0.00, 0, '2020-03-08 14:06:05', NULL),
(343, '2020-03-08', 352, 10, 100.00, 100.00, 0.00, 0, '2020-03-08 14:06:46', NULL),
(344, '2020-03-08', 353, 10, 100.00, 100.00, 0.00, 0, '2020-03-08 14:07:38', NULL),
(345, '2020-03-08', 354, 12, 100.00, 100.00, 0.00, 0, '2020-03-08 14:08:22', NULL),
(346, '2020-03-08', 355, 12, 200.00, 200.00, 0.00, 0, '2020-03-08 14:09:16', NULL),
(347, '2020-03-08', 356, 12, 400.00, 400.00, 0.00, 0, '2020-03-08 14:10:04', NULL),
(348, '2020-03-08', 357, 11, 300.00, 300.00, 0.00, 0, '2020-03-08 14:11:03', NULL),
(349, '2020-03-08', 358, 11, 200.00, 200.00, 0.00, 0, '2020-03-08 14:11:41', NULL),
(350, '2020-03-08', 359, 11, 200.00, 200.00, 0.00, 0, '2020-03-08 14:12:32', NULL),
(351, '2020-03-08', 360, 10, 1200.00, 1200.00, 0.00, 0, '2020-03-08 14:13:49', NULL),
(352, '2020-03-08', 361, 10, 100.00, 100.00, 0.00, 0, '2020-03-08 14:15:40', NULL),
(353, '2020-03-08', 362, 10, 600.00, 600.00, 0.00, 0, '2020-03-08 14:16:42', NULL),
(354, '2020-03-08', 363, 10, 350.00, 350.00, 0.00, 0, '2020-03-08 14:19:01', NULL),
(355, '2020-03-08', 364, 16, 100.00, 100.00, 0.00, 0, '2020-03-08 14:20:16', NULL),
(356, '2020-03-08', 365, 10, 250.00, 250.00, 0.00, 0, '2020-03-08 14:23:23', NULL),
(357, '2020-03-09', 366, 9, 200.00, 200.00, 0.00, 0, '2020-03-09 05:12:45', NULL),
(358, '2020-03-09', 367, 12, 10000.00, 10000.00, 0.00, 0, '2020-03-09 05:59:02', NULL),
(359, '2020-03-09', 369, 4, 200.00, 200.00, 0.00, 0, '2020-03-09 06:39:36', NULL),
(360, '2020-03-09', 370, 5, 800.00, 800.00, 0.00, 0, '2020-03-09 07:00:27', NULL),
(361, '2020-03-09', 371, 8, 100.00, 100.00, 0.00, 0, '2020-03-09 07:01:08', NULL),
(362, '2020-03-09', 372, 9, 100.00, 100.00, 0.00, 0, '2020-03-09 07:07:34', NULL),
(363, '2020-03-09', 373, 4, 100.00, 100.00, 0.00, 0, '2020-03-09 07:58:31', NULL),
(364, '2020-03-09', 374, 9, 300.00, 300.00, 0.00, 0, '2020-03-09 08:59:02', NULL),
(365, '2020-03-09', 375, 9, 700.00, 700.00, 0.00, 0, '2020-03-09 09:09:58', NULL),
(366, '2020-03-09', 376, 9, 150.00, 150.00, 0.00, 0, '2020-03-09 09:22:16', NULL),
(367, '2020-03-09', 377, 4, 150.00, 150.00, 0.00, 0, '2020-03-09 10:04:35', NULL),
(368, '2020-03-09', 378, 8, 100.00, 100.00, 0.00, 0, '2020-03-09 10:05:08', NULL),
(369, '2020-03-09', 379, 8, 200.00, 200.00, 0.00, 0, '2020-03-09 10:06:11', NULL),
(370, '2020-03-09', 380, 5, 100.00, 100.00, 0.00, 0, '2020-03-09 11:09:36', NULL),
(371, '2020-03-09', 381, 8, 50.00, 50.00, 0.00, 0, '2020-03-09 11:35:51', NULL),
(372, '2020-03-09', 382, 4, 100.00, 100.00, 0.00, 0, '2020-03-09 14:35:58', NULL),
(373, '2020-03-10', 383, 10, 400.00, 400.00, 0.00, 0, '2020-03-10 05:24:02', NULL),
(374, '2020-03-10', 384, 10, 100.00, 100.00, 0.00, 0, '2020-03-10 05:24:53', NULL),
(375, '2020-03-10', 385, 11, 500.00, 500.00, 0.00, 0, '2020-03-10 05:25:43', NULL),
(376, '2020-03-10', 386, 10, 150.00, 150.00, 0.00, 0, '2020-03-10 05:26:41', NULL),
(377, '2020-03-10', 387, 10, 100.00, 100.00, 0.00, 0, '2020-03-10 05:28:00', NULL),
(378, '2020-03-10', 388, 12, 350.00, 350.00, 0.00, 0, '2020-03-10 05:29:17', NULL),
(379, '2020-03-10', 389, 12, 100.00, 100.00, 0.00, 0, '2020-03-10 05:32:57', NULL),
(380, '2020-03-10', 390, 13, 1500.00, 1500.00, 0.00, 0, '2020-03-10 05:45:16', NULL),
(381, '2020-03-10', 391, 13, 3000.00, 3000.00, 0.00, 0, '2020-03-10 05:46:10', NULL),
(382, '2020-03-10', 392, 16, 150.00, 150.00, 0.00, 0, '2020-03-10 05:47:32', NULL),
(383, '2020-03-10', 393, 16, 200.00, 200.00, 0.00, 0, '2020-03-10 05:48:34', NULL),
(384, '2020-03-10', 394, 16, 100.00, 100.00, 0.00, 0, '2020-03-10 05:49:15', NULL),
(385, '2020-03-10', 395, 9, 350.00, 350.00, 0.00, 0, '2020-03-10 07:18:44', NULL),
(386, '2020-03-10', 396, 9, 100.00, 100.00, 0.00, 0, '2020-03-10 07:23:20', NULL),
(387, '2020-03-10', 397, 9, 1000.00, 1000.00, 0.00, 0, '2020-03-10 10:12:30', NULL),
(388, '2020-03-10', 398, 4, 2500.00, 2500.00, 0.00, 0, '2020-03-10 10:15:02', NULL),
(389, '2020-03-10', 399, 9, 200.00, 200.00, 0.00, 0, '2020-03-10 10:17:41', NULL),
(390, '2020-03-11', 400, 9, 300.00, 300.00, 0.00, 0, '2020-03-11 05:02:24', NULL),
(391, '2020-03-11', 401, 4, 200.00, 200.00, 0.00, 0, '2020-03-11 05:08:23', NULL),
(392, '2020-03-11', 402, 9, 50.00, 50.00, 0.00, 0, '2020-03-11 05:11:59', NULL),
(393, '2020-03-11', 403, 14, 400.00, 400.00, 0.00, 0, '2020-03-11 07:07:57', NULL),
(394, '2020-03-11', 404, 9, 150.00, 150.00, 0.00, 0, '2020-03-11 07:13:56', NULL),
(395, '2020-03-11', 405, 8, 20.00, 20.00, 0.00, 0, '2020-03-11 07:49:28', NULL),
(396, '2020-03-11', 406, 8, 500.00, 500.00, 0.00, 0, '2020-03-11 10:19:27', NULL),
(397, '2020-03-11', 407, 9, 500.00, 500.00, 0.00, 0, '2020-03-11 10:20:38', NULL),
(398, '2020-03-11', 408, 8, 100.00, 100.00, 0.00, 0, '2020-03-11 10:21:33', NULL),
(399, '2020-03-11', 409, 9, 100.00, 100.00, 0.00, 0, '2020-03-11 10:22:20', NULL),
(400, '2020-03-11', 410, 14, 400.00, 400.00, 0.00, 0, '2020-03-11 11:12:09', NULL),
(402, '2020-03-11', 412, 8, 50.00, 50.00, 0.00, 0, '2020-03-11 11:27:44', NULL),
(403, '2020-03-11', 414, 14, 700.00, 700.00, 0.00, 0, '2020-03-11 13:22:31', NULL),
(404, '2020-03-11', 415, 14, 5000.00, 2000.00, 3000.00, 0, '2020-03-11 13:24:36', NULL),
(405, '2020-03-11', 417, 7, 6000.00, 6000.00, 0.00, 0, '2020-03-11 13:56:11', NULL),
(406, '2020-03-11', 418, 16, 100.00, 100.00, 0.00, 0, '2020-03-11 14:20:31', NULL),
(407, '2020-03-11', 419, 16, 250.00, 250.00, 0.00, 0, '2020-03-11 14:22:09', NULL),
(408, '2020-03-11', 420, 12, 200.00, 200.00, 0.00, 0, '2020-03-11 14:22:44', NULL),
(409, '2020-03-11', 421, 16, 150.00, 150.00, 0.00, 0, '2020-03-11 14:23:39', NULL),
(410, '2020-03-11', 422, 13, 1500.00, 1500.00, 0.00, 0, '2020-03-11 14:24:30', NULL),
(411, '2020-03-11', 423, 12, 200.00, 200.00, 0.00, 0, '2020-03-11 14:35:25', NULL),
(412, '2020-03-12', 424, 9, 300.00, 300.00, 0.00, 0, '2020-03-12 05:33:05', NULL),
(413, '2020-03-12', 425, 8, 150.00, 150.00, 0.00, 0, '2020-03-12 05:34:25', NULL),
(414, '2020-03-12', 426, 8, 100.00, 100.00, 0.00, 0, '2020-03-12 05:35:23', NULL),
(415, '2020-03-12', 427, 9, 200.00, 200.00, 0.00, 0, '2020-03-12 05:41:37', NULL),
(416, '2020-03-12', 428, 5, 100.00, 100.00, 0.00, 0, '2020-03-12 08:55:56', NULL),
(417, '2020-03-12', 429, 5, 150.00, 150.00, 0.00, 0, '2020-03-12 09:44:28', NULL),
(418, '2020-03-12', 430, 9, 1100.00, 1100.00, 0.00, 0, '2020-03-12 11:10:09', NULL),
(419, '2020-03-12', 431, 8, 250.00, 250.00, 0.00, 0, '2020-03-12 11:11:34', NULL),
(420, '2020-03-12', 433, 9, 650.00, 650.00, 0.00, 0, '2020-03-12 12:27:09', NULL),
(421, '2020-03-12', 434, 5, 500.00, 500.00, 0.00, 0, '2020-03-12 12:28:08', NULL),
(422, '2020-03-12', 435, 10, 1700.00, 1700.00, 0.00, 0, '2020-03-12 13:08:50', NULL),
(423, '2020-03-12', 436, 10, 200.00, 200.00, 0.00, 0, '2020-03-12 13:09:36', NULL),
(424, '2020-03-12', 437, 10, 200.00, 200.00, 0.00, 0, '2020-03-12 13:10:15', NULL),
(425, '2020-03-12', 438, 10, 100.00, 100.00, 0.00, 0, '2020-03-12 13:11:20', NULL),
(426, '2020-03-12', 439, 10, 450.00, 450.00, 0.00, 0, '2020-03-12 13:12:06', NULL),
(427, '2020-03-12', 440, 17, 1000.00, 1000.00, 0.00, 0, '2020-03-12 13:13:05', NULL),
(428, '2020-03-12', 441, 11, 1000.00, 1000.00, 0.00, 0, '2020-03-12 13:13:46', NULL),
(429, '2020-03-12', 442, 17, 1300.00, 1300.00, 0.00, 0, '2020-03-12 13:14:30', NULL),
(430, '2020-03-12', 443, 8, 50.00, 50.00, 0.00, 0, '2020-03-13 05:29:48', NULL),
(431, '2020-03-13', 444, 6, 50.00, 50.00, 0.00, 0, '2020-03-13 05:32:07', NULL),
(432, '2020-03-13', 445, 15, 50.00, 50.00, 0.00, 0, '2020-03-13 05:32:59', NULL),
(433, '2020-03-13', 446, 9, 350.00, 350.00, 0.00, 0, '2020-03-13 05:34:00', NULL),
(434, '2020-03-13', 447, 14, 2500.00, 2500.00, 0.00, 0, '2020-03-13 05:34:42', NULL),
(435, '2020-03-13', 448, 5, 100.00, 100.00, 0.00, 0, '2020-03-13 05:48:43', NULL),
(436, '2020-03-13', 449, 8, 150.00, 150.00, 0.00, 0, '2020-03-13 05:49:18', NULL),
(437, '2020-03-13', 450, 5, 100.00, 100.00, 0.00, 0, '2020-03-13 06:24:42', NULL),
(438, '2020-03-13', 451, 4, 150.00, 150.00, 0.00, 0, '2020-03-13 07:18:52', NULL),
(439, '2020-03-13', 452, 9, 250.00, 250.00, 0.00, 0, '2020-03-13 07:33:52', NULL),
(440, '2020-03-13', 453, 4, 100.00, 100.00, 0.00, 0, '2020-03-13 08:07:41', NULL),
(441, '2020-03-13', 454, 5, 150.00, 150.00, 0.00, 0, '2020-03-13 08:12:44', NULL),
(442, '2020-03-13', 455, 5, 150.00, 150.00, 0.00, 0, '2020-03-13 08:14:14', NULL),
(443, '2020-03-13', 456, 9, 200.00, 200.00, 0.00, 0, '2020-03-13 08:15:23', NULL),
(444, '2020-03-13', 457, 8, 1200.00, 1200.00, 0.00, 0, '2020-03-13 08:57:55', NULL),
(445, '2020-03-13', 458, 5, 100.00, 100.00, 0.00, 0, '2020-03-13 08:58:35', NULL),
(446, '2020-03-13', 459, 8, 100.00, 100.00, 0.00, 0, '2020-03-13 10:08:00', NULL),
(447, '2020-03-13', 460, 4, 150.00, 150.00, 0.00, 0, '2020-03-13 10:10:23', NULL),
(448, '2020-03-13', 461, 5, 100.00, 100.00, 0.00, 0, '2020-03-13 10:22:22', NULL),
(449, '2020-03-13', 462, 9, 250.00, 250.00, 0.00, 0, '2020-03-13 10:53:20', NULL),
(450, '2020-03-13', 463, 9, 250.00, 250.00, 0.00, 0, '2020-03-13 11:27:33', NULL),
(451, '2020-03-13', 464, 4, 100.00, 100.00, 0.00, 0, '2020-03-13 11:31:43', NULL),
(452, '2020-03-13', 465, 18, 700.00, 700.00, 0.00, 0, '2020-03-13 11:36:28', NULL),
(453, '2020-03-13', 466, 14, 500.00, 500.00, 0.00, 0, '2020-03-13 11:37:17', NULL),
(454, '2020-03-13', 467, 10, 300.00, 300.00, 0.00, 0, '2020-03-13 12:16:28', NULL),
(455, '2020-03-13', 468, 10, 500.00, 500.00, 0.00, 0, '2020-03-13 12:17:59', NULL),
(456, '2020-03-13', 469, 10, 400.00, 400.00, 0.00, 0, '2020-03-13 12:18:49', NULL),
(457, '2020-03-13', 470, 12, 200.00, 200.00, 0.00, 0, '2020-03-13 12:20:07', NULL),
(458, '2020-03-13', 471, 12, 100.00, 100.00, 0.00, 0, '2020-03-13 12:20:46', NULL),
(459, '2020-03-13', 472, 17, 1000.00, 1000.00, 0.00, 0, '2020-03-13 12:21:45', NULL),
(460, '2020-03-13', 473, 11, 700.00, 700.00, 0.00, 0, '2020-03-13 12:22:37', NULL),
(461, '2020-03-13', 474, 11, 800.00, 800.00, 0.00, 0, '2020-03-13 12:23:13', NULL),
(462, '2020-03-13', 475, 10, 200.00, 200.00, 0.00, 0, '2020-03-13 13:29:15', NULL),
(463, '2020-03-13', 476, 4, 100.00, 100.00, 0.00, 0, '2020-03-13 14:11:49', NULL),
(464, '2020-03-13', 477, 5, 200.00, 200.00, 0.00, 0, '2020-03-13 14:13:05', NULL),
(465, '2020-03-13', 478, 8, 100.00, 100.00, 0.00, 0, '2020-03-13 14:16:04', NULL),
(466, '2020-03-13', 479, 15, 150.00, 150.00, 0.00, 0, '2020-03-13 14:35:01', NULL),
(467, '2020-03-13', 480, 15, 50.00, 50.00, 0.00, 0, '2020-03-13 14:37:31', NULL),
(468, '2020-03-13', 481, 5, 100.00, 100.00, 0.00, 0, '2020-03-13 14:58:14', NULL),
(469, '2020-03-14', 482, 5, 200.00, 200.00, 0.00, 0, '2020-03-14 05:52:37', NULL),
(470, '2020-03-14', 483, 9, 1000.00, 1000.00, 0.00, 0, '2020-03-14 06:39:26', NULL),
(471, '2020-03-14', 484, 9, 150.00, 150.00, 0.00, 0, '2020-03-14 08:33:04', NULL),
(472, '2020-03-14', 485, 4, 150.00, 150.00, 0.00, 0, '2020-03-14 09:16:58', NULL),
(473, '2020-03-14', 488, 9, 400.00, 400.00, 0.00, 0, '2020-03-14 09:52:56', NULL),
(474, '2020-03-14', 489, 9, 1700.00, 1700.00, 0.00, 0, '2020-03-14 09:54:07', NULL),
(475, '2020-03-14', 490, 9, 100.00, 100.00, 0.00, 0, '2020-03-14 10:28:00', NULL),
(476, '2020-03-14', 491, 9, 150.00, 150.00, 0.00, 0, '2020-03-14 10:34:34', NULL),
(477, '2020-03-14', 492, 4, 200.00, 200.00, 0.00, 0, '2020-03-14 10:58:16', NULL),
(478, '2020-03-14', 493, 9, 200.00, 200.00, 0.00, 0, '2020-03-14 11:51:36', NULL),
(479, '2020-03-14', 494, 8, 200.00, 200.00, 0.00, 0, '2020-03-14 12:03:49', NULL),
(480, '2020-03-14', 495, 4, 100.00, 100.00, 0.00, 0, '2020-03-14 14:21:19', NULL),
(481, '2020-03-14', 496, 8, 100.00, 100.00, 0.00, 0, '2020-03-14 14:22:35', NULL),
(482, '2020-03-14', 497, 4, 40.00, 40.00, 0.00, 0, '2020-03-14 14:24:04', NULL),
(483, '2020-03-14', 498, 4, 150.00, 150.00, 0.00, 0, '2020-03-14 14:24:56', NULL),
(484, '2020-03-14', 499, 10, 900.00, 900.00, 0.00, 0, '2020-03-14 14:33:18', NULL),
(485, '2020-03-14', 500, 10, 200.00, 200.00, 0.00, 0, '2020-03-14 14:34:01', NULL),
(486, '2020-03-14', 501, 10, 550.00, 550.00, 0.00, 0, '2020-03-14 14:34:55', NULL),
(487, '2020-03-14', 502, 10, 300.00, 300.00, 0.00, 0, '2020-03-14 14:35:39', NULL),
(488, '2020-03-14', 503, 10, 250.00, 250.00, 0.00, 0, '2020-03-14 14:36:54', NULL),
(489, '2020-03-14', 504, 17, 1200.00, 1200.00, 0.00, 0, '2020-03-14 14:38:27', NULL),
(490, '2020-03-14', 505, 11, 1000.00, 1000.00, 0.00, 0, '2020-03-14 14:39:55', NULL),
(491, '2020-03-14', 506, 4, 100.00, 100.00, 0.00, 0, '2020-03-14 15:28:17', NULL),
(492, '2020-03-14', 507, 15, 100.00, 100.00, 0.00, 0, '2020-03-14 16:01:43', NULL),
(493, '2020-03-15', 508, 15, 50.00, 50.00, 0.00, 0, '2020-03-15 04:24:35', NULL),
(494, '2020-03-15', 509, 4, 150.00, 150.00, 0.00, 0, '2020-03-15 06:27:45', NULL),
(495, '2020-03-15', 510, 6, 450.00, 450.00, 0.00, 0, '2020-03-15 06:34:34', NULL),
(496, '2020-03-15', 511, 8, 100.00, 100.00, 0.00, 0, '2020-03-15 07:00:30', NULL),
(497, '2020-03-15', 512, 4, 100.00, 100.00, 0.00, 0, '2020-03-15 07:37:55', NULL),
(498, '2020-03-15', 513, 8, 350.00, 350.00, 0.00, 0, '2020-03-15 07:50:04', NULL),
(499, '2020-03-15', 514, 4, 1000.00, 1000.00, 0.00, 0, '2020-03-15 10:03:59', NULL),
(500, '2020-03-15', 515, 8, 300.00, 300.00, 0.00, 0, '2020-03-15 10:04:58', NULL),
(501, '2020-03-15', 516, 4, 150.00, 150.00, 0.00, 0, '2020-03-15 12:17:50', NULL),
(502, '2020-03-15', 517, 8, 150.00, 150.00, 0.00, 0, '2020-03-15 12:19:14', NULL),
(503, '2020-03-15', 518, 4, 150.00, 150.00, 0.00, 0, '2020-03-15 13:31:57', NULL),
(504, '2020-03-15', 519, 8, 50.00, 50.00, 0.00, 0, '2020-03-15 13:34:16', NULL),
(505, '2020-03-15', 520, 8, 150.00, 150.00, 0.00, 0, '2020-03-15 13:35:50', NULL),
(506, '2020-03-15', 521, 4, 150.00, 150.00, 0.00, 0, '2020-03-15 14:59:47', NULL),
(507, '2020-03-15', 522, 4, 150.00, 150.00, 0.00, 0, '2020-03-15 15:01:08', NULL),
(508, '2020-03-16', 523, 15, 150.00, 150.00, 0.00, 0, '2020-03-16 04:31:50', NULL),
(509, '2020-03-16', 524, 6, 50.00, 50.00, 0.00, 0, '2020-03-16 04:36:54', NULL),
(510, '2020-03-16', 525, 13, 8500.00, 8500.00, 0.00, 0, '2020-03-16 05:39:36', NULL),
(511, '2020-03-16', 526, 11, 3500.00, 3500.00, 0.00, 0, '2020-03-16 05:40:33', NULL),
(512, '2020-03-16', 527, 11, 400.00, 400.00, 0.00, 0, '2020-03-16 05:41:23', NULL),
(513, '2020-03-16', 528, 11, 5500.00, 5500.00, 0.00, 0, '2020-03-16 05:42:39', NULL),
(514, '2020-03-16', 529, 12, 4000.00, 4000.00, 0.00, 0, '2020-03-16 05:43:19', NULL),
(515, '2020-03-16', 530, 12, 300.00, 300.00, 0.00, 0, '2020-03-16 05:44:01', NULL),
(516, '2020-03-16', 531, 12, 200.00, 200.00, 0.00, 0, '2020-03-16 05:45:14', NULL),
(517, '2020-03-16', 532, 16, 200.00, 200.00, 0.00, 0, '2020-03-16 05:45:54', NULL),
(518, '2020-03-16', 533, 8, 50.00, 50.00, 0.00, 0, '2020-03-16 06:11:34', NULL),
(519, '2020-03-16', 534, 14, 400.00, 400.00, 0.00, 0, '2020-03-16 06:14:25', NULL),
(520, '2020-03-16', 535, 18, 1600.00, 1600.00, 0.00, 0, '2020-03-16 06:15:52', NULL),
(521, '2020-03-16', 536, 5, 1200.00, 1200.00, 0.00, 0, '2020-03-16 06:54:30', NULL),
(522, '2020-03-16', 537, 4, 150.00, 150.00, 0.00, 0, '2020-03-16 06:56:44', NULL),
(523, '2020-03-16', 538, 4, 150.00, 150.00, 0.00, 0, '2020-03-16 07:24:32', NULL),
(524, '2020-03-16', 539, 5, 200.00, 200.00, 0.00, 0, '2020-03-16 07:26:24', NULL),
(525, '2020-03-16', 540, 8, 100.00, 100.00, 0.00, 0, '2020-03-16 07:30:03', NULL),
(526, '2020-03-16', 541, 8, 100.00, 100.00, 0.00, 0, '2020-03-16 08:13:29', NULL),
(527, '2020-03-16', 542, 5, 100.00, 100.00, 0.00, 0, '2020-03-16 08:14:13', NULL),
(528, '2020-03-16', 543, 4, 150.00, 150.00, 0.00, 0, '2020-03-16 08:33:04', NULL),
(529, '2020-03-16', 544, 18, 800.00, 800.00, 0.00, 0, '2020-03-16 09:36:50', NULL),
(530, '2020-03-16', 545, 4, 150.00, 150.00, 0.00, 0, '2020-03-16 09:39:05', NULL),
(531, '2020-03-16', 546, 5, 150.00, 150.00, 0.00, 0, '2020-03-16 10:12:06', NULL),
(532, '2020-03-16', 547, 5, 100.00, 100.00, 0.00, 0, '2020-03-16 10:59:08', NULL),
(533, '2020-03-16', 548, 14, 400.00, 400.00, 0.00, 0, '2020-03-16 11:00:33', NULL),
(534, '2020-03-16', 549, 5, 300.00, 300.00, 0.00, 0, '2020-03-16 11:52:38', NULL),
(535, '2020-03-16', 550, 4, 650.00, 650.00, 0.00, 0, '2020-03-16 14:24:39', NULL),
(536, '2020-03-16', 551, 5, 350.00, 350.00, 0.00, 0, '2020-03-16 14:26:51', NULL),
(537, '2020-03-16', 552, 4, 950.00, 950.00, 0.00, 0, '2020-03-16 14:28:51', NULL),
(538, '2020-03-16', 553, 4, 100.00, 100.00, 0.00, 0, '2020-03-16 15:29:21', NULL),
(539, '2020-03-17', 554, 5, 900.00, 900.00, 0.00, 0, '2020-03-17 08:10:17', NULL),
(540, '2020-03-17', 555, 5, 50.00, 50.00, 0.00, 0, '2020-03-17 08:24:31', NULL),
(541, '2020-03-17', 556, 15, 200.00, 200.00, 0.00, 0, '2020-03-17 08:34:10', NULL),
(542, '2020-03-17', 557, 5, 200.00, 200.00, 0.00, 0, '2020-03-17 09:35:27', NULL),
(543, '2020-03-17', 558, 10, 150.00, 150.00, 0.00, 0, '2020-03-17 09:49:40', NULL),
(544, '2020-03-17', 559, 10, 100.00, 100.00, 0.00, 0, '2020-03-17 09:50:33', NULL),
(545, '2020-03-17', 560, 10, 50.00, 50.00, 0.00, 0, '2020-03-17 09:51:29', NULL),
(546, '2020-03-17', 561, 10, 150.00, 150.00, 0.00, 0, '2020-03-17 09:52:11', NULL),
(547, '2020-03-17', 562, 12, 100.00, 100.00, 0.00, 0, '2020-03-17 09:53:03', NULL),
(548, '2020-03-17', 563, 10, 200.00, 200.00, 0.00, 0, '2020-03-17 09:53:48', NULL),
(549, '2020-03-17', 564, 10, 550.00, 550.00, 0.00, 0, '2020-03-17 09:54:49', NULL),
(550, '2020-03-17', 565, 12, 200.00, 200.00, 0.00, 0, '2020-03-17 09:55:47', NULL),
(551, '2020-03-17', 566, 16, 200.00, 200.00, 0.00, 0, '2020-03-17 09:56:45', NULL),
(552, '2020-03-17', 567, 19, 4500.00, 4500.00, 0.00, 0, '2020-03-17 09:57:37', NULL),
(553, '2020-03-17', 568, 5, 100.00, 100.00, 0.00, 0, '2020-03-17 10:12:07', NULL),
(554, '2020-03-18', 569, 8, 50.00, 50.00, 0.00, 0, '2020-03-18 05:24:45', NULL),
(555, '2020-03-18', 570, 9, 400.00, 400.00, 0.00, 0, '2020-03-18 05:26:12', NULL),
(556, '2020-03-18', 571, 5, 200.00, 200.00, 0.00, 0, '2020-03-18 05:29:35', NULL),
(557, '2020-03-18', 572, 9, 200.00, 200.00, 0.00, 0, '2020-03-18 05:32:32', NULL),
(558, '2020-03-18', 573, 9, 600.00, 600.00, 0.00, 0, '2020-03-18 05:33:20', NULL),
(559, '2020-03-18', 574, 5, 100.00, 100.00, 0.00, 0, '2020-03-18 05:34:25', NULL),
(560, '2020-03-18', 575, 8, 500.00, 500.00, 0.00, 0, '2020-03-18 07:13:20', NULL),
(561, '2020-03-18', 576, 9, 100.00, 100.00, 0.00, 0, '2020-03-18 07:31:56', NULL),
(562, '2020-03-18', 577, 12, 200.00, 200.00, 0.00, 0, '2020-03-18 07:33:29', NULL),
(563, '2020-03-18', 578, 4, 150.00, 150.00, 0.00, 0, '2020-03-18 08:34:51', NULL),
(564, '2020-03-18', 579, 8, 100.00, 100.00, 0.00, 0, '2020-03-18 10:22:57', NULL),
(565, '2020-03-18', 580, 5, 150.00, 150.00, 0.00, 0, '2020-03-18 10:23:30', NULL),
(566, '2020-03-18', 581, 5, 150.00, 150.00, 0.00, 0, '2020-03-18 11:18:02', NULL),
(567, '2020-03-18', 582, 4, 750.00, 750.00, 0.00, 0, '2020-03-18 11:31:05', NULL),
(568, '2020-03-18', 583, 5, 750.00, 750.00, 0.00, 0, '2020-03-18 11:31:55', NULL),
(569, '2020-03-18', 584, 5, 150.00, 150.00, 0.00, 0, '2020-03-18 14:37:16', NULL),
(570, '2020-03-18', 585, 15, 100.00, 100.00, 0.00, 0, '2020-03-18 14:38:35', NULL),
(571, '2020-03-18', 586, 9, 600.00, 600.00, 0.00, 0, '2020-03-18 14:41:12', NULL),
(572, '2020-03-18', 587, 8, 150.00, 150.00, 0.00, 0, '2020-03-18 14:42:44', NULL),
(573, '2020-03-18', 588, 8, 150.00, 150.00, 0.00, 0, '2020-03-18 14:43:53', NULL),
(574, '2020-03-19', 589, 8, 150.00, 150.00, 0.00, 0, '2020-03-19 05:11:29', NULL),
(575, '2020-03-19', 590, 9, 200.00, 200.00, 0.00, 0, '2020-03-19 05:29:27', NULL),
(576, '2020-03-19', 591, 9, 50.00, 50.00, 0.00, 0, '2020-03-19 05:33:13', NULL),
(577, '2020-03-19', 592, 16, 300.00, 300.00, 0.00, 0, '2020-03-19 06:09:20', NULL),
(578, '2020-03-19', 593, 16, 100.00, 100.00, 0.00, 0, '2020-03-19 06:10:16', NULL),
(579, '2020-03-19', 594, 10, 100.00, 100.00, 0.00, 0, '2020-03-19 06:11:03', NULL),
(580, '2020-03-19', 595, 10, 100.00, 100.00, 0.00, 0, '2020-03-19 06:12:00', NULL),
(581, '2020-03-19', 596, 10, 100.00, 100.00, 0.00, 0, '2020-03-19 06:12:58', NULL),
(582, '2020-03-19', 597, 10, 100.00, 100.00, 0.00, 0, '2020-03-19 06:13:40', NULL),
(583, '2020-03-19', 598, 10, 100.00, 100.00, 0.00, 0, '2020-03-19 06:15:39', NULL),
(584, '2020-03-19', 599, 10, 300.00, 300.00, 0.00, 0, '2020-03-19 06:16:26', NULL),
(585, '2020-03-19', 600, 10, 650.00, 650.00, 0.00, 0, '2020-03-19 06:17:27', NULL),
(586, '2020-03-19', 601, 18, 800.00, 800.00, 0.00, 0, '2020-03-19 06:24:05', NULL),
(587, '2020-03-19', 602, 12, 5000.00, 5000.00, 0.00, 0, '2020-03-19 06:25:16', NULL),
(588, '2020-03-19', 603, 4, 150.00, 150.00, 0.00, 0, '2020-03-19 07:04:23', NULL),
(589, '2020-03-19', 604, 5, 150.00, 150.00, 0.00, 0, '2020-03-19 07:14:42', NULL),
(590, '2020-03-19', 605, 9, 200.00, 200.00, 0.00, 0, '2020-03-19 07:15:34', NULL),
(591, '2020-03-19', 606, 4, 150.00, 150.00, 0.00, 0, '2020-03-19 08:15:57', NULL),
(592, '2020-03-19', 607, 9, 200.00, 200.00, 0.00, 0, '2020-03-19 08:16:33', NULL),
(593, '2020-03-19', 608, 9, 200.00, 200.00, 0.00, 0, '2020-03-19 09:17:54', NULL),
(594, '2020-03-19', 609, 4, 100.00, 100.00, 0.00, 0, '2020-03-19 09:42:37', NULL),
(595, '2020-03-19', 610, 8, 200.00, 200.00, 0.00, 0, '2020-03-19 11:14:51', NULL),
(596, '2020-03-19', 611, 5, 150.00, 150.00, 0.00, 0, '2020-03-19 11:15:29', NULL),
(597, '2020-03-19', 612, 5, 150.00, 150.00, 0.00, 0, '2020-03-19 11:16:30', NULL),
(598, '2020-03-19', 613, 4, 100.00, 100.00, 0.00, 0, '2020-03-19 11:26:36', NULL),
(599, '2020-03-19', 614, 15, 150.00, 150.00, 0.00, 0, '2020-03-19 13:46:41', NULL),
(600, '2020-03-19', 615, 15, 300.00, 300.00, 0.00, 0, '2020-03-19 15:06:31', NULL),
(601, '2020-03-20', 616, 5, 150.00, 150.00, 0.00, 0, '2020-03-20 06:46:00', NULL),
(602, '2020-03-20', 617, 9, 100.00, 100.00, 0.00, 0, '2020-03-20 06:47:39', NULL),
(603, '2020-03-20', 618, 5, 200.00, 200.00, 0.00, 0, '2020-03-20 07:24:01', NULL),
(604, '2020-03-20', 619, 5, 250.00, 250.00, 0.00, 0, '2020-03-20 07:48:40', NULL),
(605, '2020-03-20', 620, 9, 300.00, 300.00, 0.00, 0, '2020-03-20 07:57:23', NULL),
(606, '2020-03-20', 621, 8, 200.00, 200.00, 0.00, 0, '2020-03-20 07:58:02', NULL),
(607, '2020-03-20', 622, 4, 150.00, 150.00, 0.00, 0, '2020-03-20 08:04:51', NULL),
(608, '2020-03-20', 623, 9, 600.00, 600.00, 0.00, 0, '2020-03-20 09:29:56', NULL),
(609, '2020-03-20', 624, 9, 700.00, 700.00, 0.00, 0, '2020-03-20 10:15:12', NULL),
(610, '2020-03-20', 625, 4, 100.00, 100.00, 0.00, 0, '2020-03-20 12:32:57', NULL),
(611, '2020-03-20', 626, 8, 100.00, 100.00, 0.00, 0, '2020-03-20 12:34:26', NULL),
(612, '2020-03-20', 627, 5, 100.00, 100.00, 0.00, 0, '2020-03-20 12:35:30', NULL),
(613, '2020-03-20', 628, 4, 150.00, 150.00, 0.00, 0, '2020-03-20 16:12:52', NULL),
(614, '2020-03-20', 629, 4, 150.00, 150.00, 0.00, 0, '2020-03-20 16:13:48', NULL),
(615, '2020-03-20', 630, 4, 300.00, 300.00, 0.00, 0, '2020-03-20 16:15:11', NULL),
(616, '2020-03-20', 631, 5, 300.00, 300.00, 0.00, 0, '2020-03-20 16:16:11', NULL),
(617, '2020-03-20', 632, 5, 50.00, 50.00, 0.00, 0, '2020-03-20 16:17:50', NULL),
(618, '2020-03-21', 633, 9, 750.00, 750.00, 0.00, 0, '2020-03-21 06:00:44', NULL),
(619, '2020-03-21', 634, 5, 100.00, 100.00, 0.00, 0, '2020-03-21 06:11:24', NULL),
(620, '2020-03-21', 635, 10, 100.00, 100.00, 0.00, 0, '2020-03-21 06:12:31', NULL),
(621, '2020-03-21', 636, 10, 150.00, 150.00, 0.00, 0, '2020-03-21 06:13:22', NULL),
(622, '2020-03-21', 637, 10, 100.00, 100.00, 0.00, 0, '2020-03-21 06:14:27', NULL),
(623, '2020-03-21', 638, 10, 250.00, 250.00, 0.00, 0, '2020-03-21 06:15:18', NULL),
(624, '2020-03-21', 639, 16, 100.00, 100.00, 0.00, 0, '2020-03-21 06:16:18', NULL),
(625, '2020-03-21', 640, 10, 200.00, 200.00, 0.00, 0, '2020-03-21 06:17:06', NULL),
(626, '2020-03-21', 641, 11, 800.00, 800.00, 0.00, 0, '2020-03-21 06:17:50', NULL),
(627, '2020-03-21', 642, 10, 500.00, 500.00, 0.00, 0, '2020-03-21 06:18:41', NULL);
INSERT INTO `transactions` (`transaction_id`, `transaction_date`, `customer_id`, `employee_id`, `total_amount`, `paid`, `balance`, `entered_by`, `created_at`, `updated_at`) VALUES
(628, '2020-03-21', 643, 16, 350.00, 350.00, 0.00, 0, '2020-03-21 06:19:43', NULL),
(629, '2020-03-21', 644, 5, 300.00, 300.00, 0.00, 0, '2020-03-21 07:59:16', NULL),
(630, '2020-03-21', 645, 9, 300.00, 200.00, 100.00, 0, '2020-03-21 08:28:01', NULL),
(631, '2020-03-21', 646, 4, 200.00, 200.00, 0.00, 0, '2020-03-21 11:28:52', NULL),
(632, '2020-05-21', 174, 5, 3400.00, 3400.00, 0.00, 1, '2020-05-21 05:25:11', NULL),
(633, '2020-05-21', 365, 10, 700.00, 700.00, 0.00, 1, '2020-05-21 05:27:37', NULL),
(634, '2020-05-22', 174, 10, 900.00, 900.00, 0.00, 1, '2020-05-22 07:59:22', NULL),
(635, '2020-05-22', 596, 10, 150.00, 150.00, 0.00, 1, '2020-05-22 08:00:29', NULL),
(636, '2020-05-22', 174, 12, 300.00, 300.00, 0.00, 1, '2020-05-22 08:01:17', NULL),
(637, '2020-05-22', 85, 12, 100.00, 100.00, 0.00, 1, '2020-05-22 10:40:38', NULL),
(638, '2020-05-22', 440, 11, 700.00, 700.00, 0.00, 1, '2020-05-22 10:42:16', NULL),
(639, '2020-05-22', 647, 12, 150.00, 150.00, 0.00, 1, '2020-05-22 11:42:25', NULL),
(640, '2020-05-22', 648, 10, 600.00, 600.00, 0.00, 1, '2020-05-22 12:07:33', NULL),
(641, '2020-05-23', 152, 10, 200.00, 200.00, 0.00, 1, '2020-05-23 05:06:16', NULL),
(642, '2020-05-23', 649, 10, 200.00, 200.00, 0.00, 1, '2020-05-23 08:08:38', NULL),
(643, '2020-05-23', 174, 10, 250.00, 250.00, 0.00, 1, '2020-05-23 08:10:12', NULL),
(644, '2020-05-23', 650, 10, 600.00, 600.00, 0.00, 1, '2020-05-23 08:11:37', NULL),
(645, '2020-05-23', 651, 10, 400.00, 400.00, 0.00, 1, '2020-05-23 09:35:54', NULL),
(646, '2020-05-23', 474, 11, 800.00, 800.00, 0.00, 1, '2020-05-23 09:37:19', NULL),
(647, '2020-05-23', 652, 10, 200.00, 200.00, 0.00, 1, '2020-05-23 10:08:48', NULL),
(648, '2020-05-24', 174, 10, 250.00, 250.00, 0.00, 1, '2020-05-24 05:35:25', NULL),
(649, '2020-05-24', 174, 10, 500.00, 500.00, 0.00, 1, '2020-05-24 05:36:39', NULL),
(650, '2020-05-24', 273, 10, 150.00, 150.00, 0.00, 1, '2020-05-24 06:10:15', NULL),
(651, '2020-05-24', 653, 12, 1000.00, 1000.00, 0.00, 1, '2020-05-24 09:02:30', NULL),
(652, '2020-05-24', 654, 10, 200.00, 200.00, 0.00, 1, '2020-05-24 09:03:46', NULL),
(653, '2020-05-25', 174, 10, 250.00, 250.00, 0.00, 1, '2020-05-25 06:30:44', NULL),
(654, '2020-05-25', 174, 10, 250.00, 250.00, 0.00, 1, '2020-05-25 07:04:48', NULL),
(655, '2020-05-25', 174, 10, 200.00, 200.00, 0.00, 1, '2020-05-25 07:48:51', NULL),
(656, '2020-05-25', 303, 10, 150.00, 150.00, 0.00, 1, '2020-05-25 08:18:28', NULL),
(657, '2020-05-25', 655, 10, 200.00, 199.00, 0.00, 1, '2020-05-25 08:29:47', NULL),
(658, '2020-05-27', 252, 10, 150.00, 150.00, 0.00, 1, '2020-05-27 06:25:13', NULL),
(659, '2020-05-27', 352, 10, 700.00, 500.00, 200.00, 1, '2020-05-27 06:30:09', NULL),
(660, '2020-05-27', 95, 10, 250.00, 250.00, 0.00, 1, '2020-05-27 07:36:41', NULL),
(661, '2020-05-28', 252, 10, 0.00, 200.00, 0.00, 1, '2020-05-28 09:23:23', NULL),
(662, '2020-05-28', 174, 10, 130.00, 130.00, 0.00, 1, '2020-05-28 09:24:20', NULL),
(663, '2020-05-28', 174, 10, 200.00, 198.00, 0.00, 1, '2020-05-28 09:25:17', NULL),
(664, '2020-05-28', 174, 10, 100.00, 100.00, 0.00, 1, '2020-05-28 09:26:21', NULL),
(665, '2020-05-28', 656, 10, 100.00, 100.00, 0.00, 1, '2020-05-28 11:26:12', NULL),
(666, '2020-05-29', 174, 10, 200.00, 200.00, 0.00, 1, '2020-05-29 06:35:43', NULL),
(667, '2020-05-29', 252, 12, 250.00, 250.00, 0.00, 1, '2020-05-29 06:36:26', NULL),
(668, '2020-05-29', 237, 10, 350.00, 350.00, 0.00, 1, '2020-05-29 07:53:12', NULL),
(669, '2020-05-29', 557, 12, 500.00, 500.00, 0.00, 1, '2020-05-29 07:55:40', NULL),
(670, '2020-05-29', 252, 12, 200.00, 200.00, 0.00, 1, '2020-05-29 07:57:14', NULL),
(671, '2020-05-29', 174, 10, 100.00, 100.00, 0.00, 1, '2020-05-29 08:03:16', NULL),
(672, '2020-05-29', 173, 10, 300.00, 300.00, 0.00, 1, '2020-05-29 11:47:35', NULL),
(673, '2020-05-29', 657, 11, 3000.00, 3000.00, 0.00, 1, '2020-05-29 12:09:59', NULL),
(674, '2020-05-30', 237, 10, 100.00, 100.00, 0.00, 1, '2020-05-30 08:11:10', NULL),
(675, '2020-05-30', 657, 11, 2500.00, 2500.00, 0.00, 1, '2020-05-30 11:43:43', NULL),
(676, '2020-05-31', 252, 10, 100.00, 100.00, 0.00, 1, '2020-05-31 06:28:06', NULL),
(677, '2020-05-31', 252, 10, 200.00, 200.00, 0.00, 1, '2020-05-31 06:28:43', NULL),
(678, '2020-05-31', 564, 10, 250.00, 250.00, 0.00, 1, '2020-05-31 06:39:45', NULL),
(679, '2020-05-31', 568, 10, 0.00, 200.00, 0.00, 1, '2020-05-31 07:49:19', NULL),
(680, '2020-05-31', 566, 10, 250.00, 250.00, 0.00, 1, '2020-05-31 08:11:28', NULL),
(681, '2020-05-31', 658, 10, 250.00, 250.00, 0.00, 1, '2020-05-31 08:58:06', NULL),
(682, '2020-05-31', 237, 10, 200.00, 200.00, 0.00, 1, '2020-05-31 10:20:34', NULL),
(683, '2020-06-01', 237, 10, 150.00, 150.00, 0.00, 1, '2020-06-01 07:40:18', NULL),
(684, '2020-06-01', 659, 10, 300.00, 300.00, 0.00, 1, '2020-06-01 07:41:36', NULL),
(685, '2020-06-01', 174, 10, 200.00, 200.00, 0.00, 1, '2020-06-01 11:22:56', NULL),
(686, '2020-06-03', 252, 10, 150.00, 150.00, 0.00, 1, '2020-06-03 07:16:07', NULL),
(687, '2020-06-03', 660, 10, 150.00, 150.00, 0.00, 1, '2020-06-03 07:18:22', NULL),
(688, '2020-06-03', 252, 11, 0.00, 4700.00, 0.00, 1, '2020-06-03 09:48:58', NULL),
(689, '2020-06-03', 263, 10, 200.00, 200.00, 0.00, 1, '2020-06-03 12:00:39', NULL),
(690, '2020-06-03', 174, 10, 150.00, 150.00, 0.00, 1, '2020-06-03 12:07:40', NULL),
(691, '2020-06-03', 661, 11, 800.00, 800.00, 0.00, 1, '2020-06-03 13:30:38', NULL),
(692, '2020-06-03', 618, 10, 150.00, 150.00, 0.00, 1, '2020-06-03 13:40:20', NULL),
(693, '2020-06-04', 650, 10, 400.00, 400.00, 0.00, 1, '2020-06-04 06:27:39', NULL),
(694, '2020-06-04', 174, 10, 300.00, 300.00, 0.00, 1, '2020-06-04 09:16:49', NULL),
(695, '2020-06-04', 662, 10, 150.00, 150.00, 0.00, 1, '2020-06-04 09:48:45', NULL),
(696, '2020-06-05', 174, 10, 400.00, 400.00, 0.00, 1, '2020-06-05 06:45:37', NULL),
(697, '2020-06-05', 473, 11, 400.00, 400.00, 0.00, 1, '2020-06-05 06:49:29', NULL),
(698, '2020-06-05', 174, 4, 350.00, 350.00, 0.00, 1, '2020-06-05 08:15:22', NULL),
(699, '2020-06-05', 174, 5, 100.00, 100.00, 0.00, 1, '2020-06-05 08:16:17', NULL),
(700, '2020-06-05', 174, 22, 150.00, 150.00, 0.00, 1, '2020-06-05 08:17:57', NULL),
(701, '2020-06-05', 474, 11, 1350.00, 1350.00, 0.00, 1, '2020-06-05 09:02:54', NULL),
(702, '2020-06-05', 174, 10, 150.00, 150.00, 0.00, 1, '2020-06-05 09:31:28', NULL),
(703, '2020-06-05', 174, 10, 2550.00, 2550.00, 0.00, 1, '2020-06-05 09:32:40', NULL),
(704, '2020-06-05', 663, 4, 150.00, 150.00, 0.00, 1, '2020-06-05 12:30:47', NULL),
(705, '2020-06-05', 664, 5, 650.00, 650.00, 0.00, 1, '2020-06-05 12:33:15', NULL),
(706, '2020-06-05', 665, 5, 300.00, 300.00, 0.00, 1, '2020-06-05 12:34:38', NULL),
(707, '2020-06-05', 666, 8, 100.00, 100.00, 0.00, 1, '2020-06-05 12:36:08', NULL),
(708, '2020-06-06', 174, 10, 200.00, 200.00, 0.00, 1, '2020-06-06 06:16:19', NULL),
(709, '2020-06-06', 667, 5, 150.00, 150.00, 0.00, 1, '2020-06-06 06:17:32', NULL),
(710, '2020-06-06', 174, 5, 50.00, 50.00, 0.00, 1, '2020-06-06 06:33:41', NULL),
(711, '2020-06-06', 174, 10, 150.00, 150.00, 0.00, 1, '2020-06-06 07:13:47', NULL),
(712, '2020-06-06', 174, 5, 100.00, 100.00, 0.00, 1, '2020-06-06 07:59:41', NULL),
(713, '2020-06-06', 50, 22, 200.00, 200.00, 0.00, 1, '2020-06-06 09:07:30', NULL),
(714, '2020-06-06', 49, 8, 100.00, 100.00, 0.00, 1, '2020-06-06 09:08:31', NULL),
(715, '2020-06-06', 668, 4, 1200.00, 1200.00, 0.00, 1, '2020-06-06 09:38:21', NULL),
(716, '2020-06-06', 669, 8, 700.00, 700.00, 0.00, 1, '2020-06-06 09:40:55', NULL),
(717, '2020-06-06', 670, 5, 700.00, 700.00, 0.00, 1, '2020-06-06 09:41:54', NULL),
(718, '2020-06-06', 671, 22, 200.00, 200.00, 0.00, 1, '2020-06-06 09:43:10', NULL),
(719, '2020-06-06', 174, 10, 100.00, 100.00, 0.00, 1, '2020-06-06 12:23:49', NULL),
(720, '2020-06-07', 174, 4, 200.00, 200.00, 0.00, 1, '2020-06-07 05:07:40', NULL),
(721, '2020-06-07', 672, 5, 250.00, 250.00, 0.00, 1, '2020-06-07 05:14:59', NULL),
(722, '2020-06-07', 191, 10, 150.00, 150.00, 0.00, 1, '2020-06-07 05:30:37', NULL),
(723, '2020-06-07', 673, 5, 150.00, 150.00, 0.00, 1, '2020-06-07 06:53:26', NULL),
(724, '2020-06-07', 174, 8, 100.00, 100.00, 0.00, 1, '2020-06-07 06:55:51', NULL),
(725, '2020-06-07', 174, 22, 100.00, 100.00, 0.00, 1, '2020-06-07 06:56:23', NULL),
(726, '2020-06-07', 174, 4, 1800.00, 1800.00, 0.00, 1, '2020-06-07 07:13:12', NULL),
(727, '2020-06-07', 674, 11, 200.00, 200.00, 0.00, 1, '2020-06-07 07:25:02', NULL),
(728, '2020-06-07', 164, 4, 250.00, 250.00, 0.00, 1, '2020-06-07 08:14:41', NULL),
(729, '2020-06-07', 530, 5, 150.00, 150.00, 0.00, 1, '2020-06-07 08:16:28', NULL),
(730, '2020-06-07', 530, 22, 50.00, 50.00, 0.00, 1, '2020-06-07 08:17:05', NULL),
(731, '2020-06-07', 174, 8, 350.00, 350.00, 0.00, 1, '2020-06-07 08:22:33', NULL),
(732, '2020-06-07', 325, 5, 200.00, 200.00, 0.00, 1, '2020-06-07 09:05:15', NULL),
(733, '2020-06-07', 675, 4, 150.00, 150.00, 0.00, 1, '2020-06-07 09:09:58', NULL),
(734, '2020-06-07', 174, 10, 250.00, 200.00, 50.00, 1, '2020-06-07 09:14:33', NULL),
(735, '2020-06-07', 658, 10, 1500.00, 1500.00, 0.00, 1, '2020-06-07 09:16:03', NULL),
(736, '2020-06-07', 21, 5, 150.00, 150.00, 0.00, 1, '2020-06-07 09:27:59', NULL),
(737, '2020-06-07', 21, 5, 150.00, 150.00, 0.00, 1, '2020-06-07 09:29:02', NULL),
(738, '2020-06-07', 676, 4, 200.00, 200.00, 0.00, 1, '2020-06-07 09:54:33', NULL),
(739, '2020-06-07', 677, 10, 200.00, 200.00, 0.00, 1, '2020-06-07 10:18:09', NULL),
(740, '2020-06-07', 678, 4, 200.00, 200.00, 0.00, 1, '2020-06-07 10:45:08', NULL),
(741, '2020-06-07', 464, 4, 150.00, 150.00, 0.00, 1, '2020-06-07 11:18:35', NULL),
(742, '2020-06-08', 174, 10, 200.00, 200.00, 0.00, 1, '2020-06-08 04:57:50', NULL),
(743, '2020-06-08', 174, 10, 2050.00, 2050.00, 0.00, 1, '2020-06-08 04:58:44', NULL),
(744, '2020-06-08', 679, 4, 50.00, 50.00, 0.00, 1, '2020-06-08 05:10:31', NULL),
(745, '2020-06-08', 680, 8, 200.00, 200.00, 0.00, 1, '2020-06-08 05:18:36', NULL),
(746, '2020-06-08', 174, 4, 200.00, 200.00, 0.00, 1, '2020-06-08 06:16:34', NULL),
(747, '2020-06-08', 681, 22, 200.00, 200.00, 0.00, 1, '2020-06-08 09:00:40', NULL),
(748, '2020-06-08', 270, 10, 250.00, 250.00, 0.00, 1, '2020-06-08 10:52:03', NULL),
(749, '2020-06-08', 352, 10, 400.00, 400.00, 0.00, 1, '2020-06-08 12:25:16', NULL),
(750, '2020-06-08', 682, 4, 100.00, 100.00, 0.00, 1, '2020-06-08 13:07:40', NULL),
(751, '2020-06-08', 683, 22, 100.00, 100.00, 0.00, 1, '2020-06-08 13:08:37', NULL),
(752, '2020-06-08', 684, 5, 300.00, 300.00, 0.00, 1, '2020-06-08 13:10:47', NULL),
(753, '2020-06-10', 174, 15, 150.00, 150.00, 0.00, 1, '2020-06-10 05:11:20', NULL),
(754, '2020-06-10', 557, 10, 400.00, 400.00, 0.00, 1, '2020-06-10 07:37:00', NULL),
(755, '2020-06-10', 201, 10, 200.00, 200.00, 0.00, 1, '2020-06-10 07:37:47', NULL),
(756, '2020-06-10', 174, 4, 150.00, 150.00, 0.00, 1, '2020-06-10 07:38:36', NULL),
(757, '2020-06-10', 174, 5, 200.00, 200.00, 0.00, 1, '2020-06-10 07:59:57', NULL),
(758, '2020-06-10', 174, 5, 50.00, 50.00, 0.00, 1, '2020-06-10 08:10:00', NULL),
(759, '2020-06-10', 685, 4, 150.00, 150.00, 0.00, 1, '2020-06-10 08:11:23', NULL),
(760, '2020-06-10', 174, 22, 100.00, 100.00, 0.00, 1, '2020-06-10 08:14:08', NULL),
(761, '2020-06-10', 686, 8, 900.00, 900.00, 0.00, 1, '2020-06-10 08:25:04', NULL),
(762, '2020-06-10', 174, 6, 200.00, 200.00, 0.00, 1, '2020-06-10 09:13:15', NULL),
(763, '2020-06-10', 174, 22, 200.00, 200.00, 0.00, 1, '2020-06-10 09:23:24', NULL),
(764, '2020-06-10', 174, 4, 1900.00, 1900.00, 0.00, 1, '2020-06-10 09:25:21', NULL),
(765, '2020-06-10', 174, 10, 250.00, 250.00, 0.00, 1, '2020-06-10 10:07:09', NULL),
(766, '2020-06-10', 687, 22, 150.00, 150.00, 0.00, 1, '2020-06-10 10:20:40', NULL),
(767, '2020-06-10', 688, 4, 250.00, 250.00, 0.00, 1, '2020-06-10 10:25:12', NULL),
(768, '2020-06-10', 689, 8, 50.00, 50.00, 0.00, 1, '2020-06-10 10:26:06', NULL),
(769, '2020-06-10', 690, 5, 1000.00, 1000.00, 0.00, 1, '2020-06-10 10:33:25', NULL),
(770, '2020-06-10', 691, 5, 150.00, 150.00, 0.00, 1, '2020-06-10 10:34:26', NULL),
(771, '2020-06-10', 692, 10, 300.00, 300.00, 0.00, 1, '2020-06-10 10:53:45', NULL),
(772, '2020-06-10', 473, 11, 7600.00, 7600.00, 0.00, 1, '2020-06-10 11:16:59', NULL),
(773, '2020-06-10', 693, 22, 200.00, 200.00, 0.00, 1, '2020-06-10 12:34:06', NULL),
(774, '2020-06-11', 174, 22, 400.00, 400.00, 0.00, 1, '2020-06-11 04:59:19', NULL),
(775, '2020-06-11', 174, 5, 150.00, 150.00, 0.00, 1, '2020-06-11 05:00:01', NULL),
(776, '2020-06-11', 174, 10, 200.00, 200.00, 0.00, 1, '2020-06-11 07:35:31', NULL),
(777, '2020-06-11', 174, 4, 1200.00, 1200.00, 0.00, 1, '2020-06-11 09:28:06', NULL),
(778, '2020-06-11', 174, 8, 100.00, 100.00, 0.00, 1, '2020-06-11 09:28:56', NULL),
(779, '2020-06-11', 174, 10, 150.00, 150.00, 0.00, 1, '2020-06-11 10:14:12', NULL),
(780, '2020-06-12', 174, 4, 150.00, 150.00, 0.00, 1, '2020-06-12 07:43:17', NULL),
(781, '2020-06-12', 174, 22, 250.00, 250.00, 0.00, 1, '2020-06-12 07:43:49', NULL),
(782, '2020-06-12', 174, 5, 700.00, 700.00, 0.00, 1, '2020-06-12 07:53:24', NULL),
(783, '2020-06-12', 174, 22, 100.00, 100.00, 0.00, 1, '2020-06-12 07:57:19', NULL),
(784, '2020-06-12', 237, 10, 300.00, 297.00, 0.00, 1, '2020-06-12 08:54:15', NULL),
(785, '2020-06-12', 174, 11, 1800.00, 1800.00, 0.00, 1, '2020-06-12 13:13:36', NULL),
(786, '2020-06-12', 694, 4, 1000.00, 1000.00, 0.00, 1, '2020-06-12 13:27:23', NULL),
(787, '2020-06-12', 174, 5, 150.00, 150.00, 0.00, 1, '2020-06-12 13:28:15', NULL),
(788, '2020-06-12', 174, 8, 150.00, 150.00, 0.00, 1, '2020-06-12 13:29:00', NULL),
(789, '2020-06-12', 394, 22, 150.00, 150.00, 0.00, 1, '2020-06-12 13:30:11', NULL),
(790, '2020-06-15', 174, 5, 250.00, 250.00, 0.00, 1, '2020-06-15 06:31:09', NULL),
(791, '2020-06-15', 174, 10, 900.00, 900.00, 0.00, 1, '2020-06-15 10:27:43', NULL),
(792, '2020-06-15', 695, 4, 500.00, 500.00, 0.00, 1, '2020-06-15 10:28:45', NULL),
(793, '2020-06-15', 174, 12, 250.00, 250.00, 0.00, 1, '2020-06-15 10:30:30', NULL),
(794, '2020-06-15', 174, 5, 250.00, 250.00, 0.00, 1, '2020-06-15 10:31:34', NULL),
(795, '2020-06-15', 174, 5, 100.00, 100.00, 0.00, 1, '2020-06-15 10:32:49', NULL),
(796, '2020-06-15', 696, 8, 250.00, 250.00, 0.00, 1, '2020-06-15 10:34:07', NULL),
(797, '2020-06-15', 174, 22, 200.00, 200.00, 0.00, 1, '2020-06-15 10:35:22', NULL),
(798, '2020-06-15', 174, 22, 50.00, 50.00, 0.00, 1, '2020-06-15 10:36:10', NULL),
(799, '2020-06-15', 174, 22, 200.00, 200.00, 0.00, 1, '2020-06-15 10:36:53', NULL),
(800, '2020-06-15', 174, 12, 0.00, 250.00, 0.00, 1, '2020-06-15 12:24:59', NULL),
(801, '2020-06-15', 174, 5, 250.00, 250.00, 0.00, 1, '2020-06-15 12:26:31', NULL),
(802, '2020-06-15', 174, 10, 400.00, 400.00, 0.00, 1, '2020-06-15 12:45:34', NULL),
(803, '2020-06-15', 174, 8, 100.00, 100.00, 0.00, 1, '2020-06-15 13:21:54', NULL),
(804, '2020-06-17', 174, 8, 150.00, 150.00, 0.00, 1, '2020-06-17 04:52:33', NULL),
(805, '2020-06-17', 174, 8, 100.00, 100.00, 0.00, 1, '2020-06-17 05:26:16', NULL),
(806, '2020-06-17', 174, 5, 100.00, 100.00, 0.00, 1, '2020-06-17 05:26:57', NULL),
(807, '2020-06-17', 697, 4, 200.00, 200.00, 0.00, 1, '2020-06-17 05:53:03', NULL),
(808, '2020-06-17', 174, 8, 100.00, 100.00, 0.00, 1, '2020-06-17 06:15:28', NULL),
(809, '2020-06-17', 78, 5, 100.00, 100.00, 0.00, 1, '2020-06-17 06:46:02', NULL),
(810, '2020-06-17', 98, 5, 200.00, 200.00, 0.00, 1, '2020-06-17 07:31:49', NULL),
(811, '2020-06-17', 108, 4, 200.00, 200.00, 0.00, 1, '2020-06-17 07:33:37', NULL),
(812, '2020-06-17', 36, 5, 150.00, 150.00, 0.00, 1, '2020-06-17 07:36:09', NULL),
(813, '2020-06-17', 258, 8, 150.00, 150.00, 0.00, 1, '2020-06-17 08:05:13', NULL),
(814, '2020-06-17', 698, 4, 200.00, 200.00, 0.00, 1, '2020-06-17 09:20:48', NULL),
(815, '2020-06-17', 699, 4, 150.00, 150.00, 0.00, 1, '2020-06-17 10:06:38', NULL),
(816, '2020-06-17', 174, 12, 4000.00, 4000.00, 0.00, 1, '2020-06-17 13:24:41', NULL),
(817, '2020-06-18', 174, 15, 150.00, 150.00, 0.00, 1, '2020-06-18 05:42:20', NULL),
(818, '2020-06-18', 174, 5, 100.00, 100.00, 0.00, 1, '2020-06-18 06:03:11', NULL),
(819, '2020-06-18', 700, 4, 150.00, 150.00, 0.00, 1, '2020-06-18 06:14:21', NULL),
(820, '2020-06-18', 174, 5, 100.00, 100.00, 0.00, 1, '2020-06-18 06:22:04', NULL),
(822, '2020-06-18', 349, 10, 1000.00, 1000.00, 0.00, 1, '2020-06-18 06:32:49', NULL),
(823, '2020-06-18', 174, 5, 200.00, 200.00, 0.00, 1, '2020-06-18 09:22:01', NULL),
(824, '2020-06-18', 469, 12, 250.00, 250.00, 0.00, 1, '2020-06-18 09:34:18', NULL),
(825, '2020-06-18', 174, 10, 200.00, 200.00, 0.00, 1, '2020-06-18 12:02:16', NULL),
(826, '2020-06-18', 263, 10, 200.00, 200.00, 0.00, 1, '2020-06-18 13:47:32', NULL),
(827, '2020-06-19', 174, 10, 150.00, 150.00, 0.00, 1, '2020-06-19 05:02:36', NULL),
(828, '2020-06-19', 174, 5, 300.00, 300.00, 0.00, 1, '2020-06-19 06:14:57', NULL),
(829, '2020-06-19', 174, 10, 250.00, 250.00, 0.00, 1, '2020-06-19 08:21:36', NULL),
(830, '2020-06-19', 174, 10, 700.00, 700.00, 0.00, 1, '2020-06-19 08:22:08', NULL),
(831, '2020-03-15', 473, 11, 5500.00, 5500.00, 0.00, 1, '2020-06-19 08:24:16', NULL),
(833, '2020-03-15', 505, 11, 0.00, 3500.00, 0.00, 1, '2020-06-19 08:25:48', NULL),
(835, '2020-03-15', 473, 11, 400.00, 400.00, 0.00, 1, '2020-06-19 08:32:29', NULL),
(836, '2020-06-19', 174, 10, 200.00, 200.00, 0.00, 1, '2020-06-19 08:37:57', NULL),
(837, '2020-06-19', 174, 8, 200.00, 200.00, 0.00, 1, '2020-06-19 09:41:09', NULL),
(838, '2020-06-20', 174, 10, 600.00, 600.00, 0.00, 1, '2020-06-20 10:29:29', NULL),
(839, '2020-06-20', 437, 10, 300.00, 300.00, 0.00, 1, '2020-06-20 10:30:31', NULL),
(840, '2020-06-20', 174, 5, 1500.00, 1500.00, 0.00, 1, '2020-06-20 10:32:50', NULL),
(841, '2020-06-20', 174, 8, 150.00, 150.00, 0.00, 1, '2020-06-20 10:33:27', NULL),
(842, '2020-06-20', 109, 4, 300.00, 300.00, 0.00, 1, '2020-06-20 10:34:08', NULL),
(843, '2020-06-20', 48, 10, 200.00, 200.00, 0.00, 1, '2020-06-20 11:40:14', NULL),
(844, '2020-06-22', 174, 4, 1150.00, 1150.00, 0.00, 1, '2020-06-22 06:04:21', NULL),
(845, '2020-06-22', 174, 8, 200.00, 200.00, 0.00, 1, '2020-06-22 06:05:43', NULL),
(846, '2020-06-22', 174, 22, 450.00, 450.00, 0.00, 1, '2020-06-22 07:50:09', NULL),
(847, '2020-06-22', 174, 22, 500.00, 500.00, 0.00, 1, '2020-06-22 07:50:45', NULL),
(848, '2020-06-22', 93, 8, 100.00, 100.00, 0.00, 1, '2020-06-22 08:11:28', NULL),
(849, '2020-06-22', 435, 10, 2000.00, 2000.00, 0.00, 1, '2020-06-22 08:59:09', NULL),
(850, '2020-06-22', 174, 10, 800.00, 800.00, 0.00, 1, '2020-06-22 08:59:51', NULL),
(851, '2020-06-22', 174, 10, 250.00, 250.00, 0.00, 1, '2020-06-22 09:00:34', NULL),
(852, '2020-06-19', 174, 10, 100.00, 100.00, 0.00, 1, '2020-06-22 09:04:23', NULL),
(853, '2020-06-22', 701, 4, 400.00, 400.00, 0.00, 1, '2020-06-22 10:29:41', NULL),
(854, '2020-06-22', 174, 4, 2000.00, 2000.00, 0.00, 1, '2020-06-22 10:31:43', NULL),
(855, '2020-06-22', 174, 8, 150.00, 0.00, 150.00, 1, '2020-06-22 10:33:39', NULL),
(856, '2020-06-22', 174, 8, 150.00, 150.00, 0.00, 1, '2020-06-22 10:36:17', NULL),
(857, '2020-06-22', 174, 22, 100.00, 100.00, 0.00, 1, '2020-06-22 10:37:23', NULL),
(858, '2020-06-22', 174, 4, 150.00, 150.00, 0.00, 1, '2020-06-22 11:24:04', NULL),
(859, '2020-06-22', 174, 22, 200.00, 200.00, 0.00, 1, '2020-06-22 13:11:21', NULL),
(860, '2020-06-22', 174, 8, 200.00, 200.00, 0.00, 1, '2020-06-22 13:12:03', NULL),
(861, '2020-06-23', 35, 8, 100.00, 100.00, 0.00, 1, '2020-06-23 07:04:49', NULL),
(862, '2020-06-23', 174, 22, 200.00, 200.00, 0.00, 1, '2020-06-23 07:05:40', NULL),
(863, '2020-06-23', 215, 10, 1050.00, 1050.00, 0.00, 1, '2020-06-23 07:07:10', NULL),
(864, '2020-06-23', 215, 12, 1000.00, 1000.00, 0.00, 1, '2020-06-23 07:08:08', NULL),
(865, '2020-06-22', 474, 11, 300.00, 300.00, 0.00, 1, '2020-06-23 07:42:34', NULL),
(866, '2020-06-23', 174, 8, 500.00, 500.00, 0.00, 1, '2020-06-23 08:35:26', NULL),
(867, '2020-06-23', 174, 5, 1700.00, 1700.00, 0.00, 1, '2020-06-23 11:01:10', NULL),
(868, '2020-06-23', 174, 8, 900.00, 900.00, 0.00, 1, '2020-06-23 12:49:00', NULL),
(869, '2020-06-23', 174, 22, 100.00, 100.00, 0.00, 1, '2020-06-23 12:50:33', NULL),
(870, '2020-06-24', 174, 22, 200.00, 200.00, 0.00, 1, '2020-06-24 05:41:42', NULL),
(871, '2020-06-24', 485, 22, 100.00, 100.00, 0.00, 1, '2020-06-24 05:50:25', NULL),
(872, '2020-06-24', 174, 4, 50.00, 50.00, 0.00, 1, '2020-06-24 05:53:49', NULL),
(873, '2020-06-24', 702, 5, 150.00, 150.00, 0.00, 1, '2020-06-24 05:57:46', NULL),
(874, '2020-06-24', 512, 8, 50.00, 50.00, 0.00, 1, '2020-06-24 06:06:01', NULL),
(875, '2020-06-24', 703, 5, 100.00, 100.00, 0.00, 1, '2020-06-24 06:09:27', NULL),
(876, '2020-06-24', 174, 4, 200.00, 200.00, 0.00, 1, '2020-06-24 06:18:13', NULL),
(877, '2020-06-24', 9, 5, 1300.00, 1300.00, 0.00, 1, '2020-06-24 09:15:32', NULL),
(878, '2020-06-24', 174, 10, 1700.00, 1700.00, 0.00, 1, '2020-06-24 09:35:26', NULL),
(879, '2020-06-24', 273, 10, 1300.00, 1300.00, 0.00, 1, '2020-06-24 09:36:25', NULL),
(880, '2020-06-24', 174, 10, 1300.00, 1300.00, 0.00, 1, '2020-06-24 11:13:48', NULL),
(881, '2020-06-24', 704, 4, 2000.00, 2000.00, 0.00, 1, '2020-06-24 11:21:21', NULL),
(882, '2020-06-24', 174, 10, 400.00, 400.00, 0.00, 1, '2020-06-24 12:08:59', NULL),
(883, '2020-06-24', 215, 4, 700.00, 700.00, 0.00, 1, '2020-06-24 12:21:42', NULL),
(884, '2020-06-25', 512, 22, 150.00, 150.00, 0.00, 1, '2020-06-25 05:25:15', NULL),
(885, '2020-06-25', 174, 10, 700.00, 700.00, 0.00, 1, '2020-06-25 09:37:15', NULL),
(886, '2020-06-25', 181, 4, 1600.00, 1600.00, 0.00, 1, '2020-06-25 09:58:36', NULL),
(887, '2020-06-25', 181, 5, 1600.00, 1600.00, 0.00, 1, '2020-06-25 09:59:23', NULL),
(888, '2020-06-25', 174, 8, 1100.00, 1100.00, 0.00, 1, '2020-06-25 11:57:52', NULL),
(889, '2020-06-25', 174, 22, 300.00, 300.00, 0.00, 1, '2020-06-25 12:01:05', NULL),
(890, '2020-06-25', 174, 22, 200.00, 200.00, 0.00, 1, '2020-06-25 12:01:54', NULL),
(891, '2020-06-26', 705, 22, 100.00, 100.00, 0.00, 1, '2020-06-26 05:32:18', NULL),
(892, '2020-06-26', 84, 22, 100.00, 100.00, 0.00, 1, '2020-06-26 05:38:09', NULL),
(893, '2020-06-26', 174, 22, 200.00, 200.00, 0.00, 1, '2020-06-26 05:38:43', NULL),
(894, '2020-06-26', 174, 5, 150.00, 150.00, 0.00, 1, '2020-06-26 05:53:33', NULL),
(895, '2020-06-26', 174, 5, 150.00, 150.00, 0.00, 1, '2020-06-26 05:53:45', NULL),
(896, '2020-06-26', 174, 5, 150.00, 150.00, 0.00, 1, '2020-06-26 05:54:33', NULL),
(897, '2020-06-26', 57, 5, 100.00, 100.00, 0.00, 1, '2020-06-26 06:13:39', NULL),
(898, '2020-06-26', 174, 4, 100.00, 100.00, 0.00, 1, '2020-06-26 07:10:21', NULL),
(899, '2020-06-26', 706, 22, 250.00, 250.00, 0.00, 1, '2020-06-26 07:17:36', NULL),
(900, '2020-06-26', 707, 4, 250.00, 250.00, 0.00, 1, '2020-06-26 07:18:28', NULL),
(901, '2020-06-26', 287, 5, 100.00, 100.00, 0.00, 1, '2020-06-26 07:28:22', NULL),
(902, '2020-06-26', 174, 8, 350.00, 350.00, 0.00, 1, '2020-06-26 07:45:30', NULL),
(903, '2020-06-26', 708, 4, 250.00, 250.00, 0.00, 1, '2020-06-26 10:09:10', NULL),
(904, '2020-06-26', 174, 10, 1450.00, 1450.00, 0.00, 1, '2020-06-26 10:12:16', NULL),
(905, '2020-06-26', 174, 10, 200.00, 200.00, 0.00, 1, '2020-06-26 10:46:30', NULL),
(906, '2020-06-27', 174, 8, 100.00, 100.00, 0.00, 1, '2020-06-27 05:26:31', NULL),
(907, '2020-06-27', 174, 5, 100.00, 100.00, 0.00, 1, '2020-06-27 05:27:06', NULL),
(908, '2020-06-25', 174, 11, 200.00, 200.00, 0.00, 1, '2020-06-27 06:11:37', NULL),
(909, '2020-06-27', 174, 4, 150.00, 150.00, 0.00, 1, '2020-06-27 06:16:24', NULL),
(910, '2020-06-27', 174, 10, 250.00, 250.00, 0.00, 1, '2020-06-27 07:06:10', NULL),
(911, '2020-06-27', 35, 5, 200.00, 200.00, 0.00, 1, '2020-06-27 07:24:54', NULL),
(912, '2020-06-27', 174, 22, 200.00, 200.00, 0.00, 1, '2020-06-27 07:53:47', NULL),
(913, '2020-06-27', 108, 4, 150.00, 150.00, 0.00, 1, '2020-06-27 07:56:19', NULL),
(914, '2020-06-27', 174, 5, 200.00, 200.00, 0.00, 1, '2020-06-27 08:43:24', NULL),
(915, '2020-06-27', 709, 4, 200.00, 200.00, 0.00, 1, '2020-06-27 09:15:52', NULL),
(916, '2020-06-27', 174, 10, 200.00, 200.00, 0.00, 1, '2020-06-27 10:52:32', NULL),
(917, '2020-06-27', 174, 10, 200.00, 200.00, 0.00, 1, '2020-06-27 10:53:19', NULL),
(918, '2020-06-27', 710, 4, 300.00, 300.00, 0.00, 1, '2020-06-27 11:32:03', NULL),
(919, '2020-06-29', 174, 5, 1000.00, 1000.00, 0.00, 1, '2020-06-29 04:41:33', NULL),
(920, '2020-06-29', 174, 22, 200.00, 200.00, 0.00, 1, '2020-06-29 05:42:57', NULL),
(921, '2020-06-29', 59, 8, 200.00, 200.00, 0.00, 1, '2020-06-29 06:22:17', NULL),
(922, '2020-06-29', 98, 5, 300.00, 300.00, 0.00, 1, '2020-06-29 06:23:10', NULL),
(923, '2020-06-29', 174, 8, 150.00, 150.00, 0.00, 1, '2020-06-29 06:51:08', NULL),
(924, '2020-06-29', 711, 4, 300.00, 300.00, 0.00, 1, '2020-06-29 06:57:47', NULL),
(925, '2020-06-29', 684, 5, 100.00, 100.00, 0.00, 1, '2020-06-29 07:28:40', NULL),
(926, '2020-06-29', 539, 5, 220.00, 220.00, 0.00, 1, '2020-06-29 08:33:46', NULL),
(927, '2020-06-29', 174, 4, 200.00, 200.00, 0.00, 1, '2020-06-29 09:11:20', NULL),
(928, '2020-06-29', 174, 10, 250.00, 250.00, 0.00, 1, '2020-06-29 10:36:46', NULL),
(929, '2020-06-29', 174, 12, 150.00, 150.00, 0.00, 1, '2020-06-29 10:37:31', NULL),
(930, '2020-06-29', 712, 4, 200.00, 200.00, 0.00, 1, '2020-06-29 11:29:39', NULL),
(931, '2020-06-29', 712, 8, 250.00, 250.00, 0.00, 1, '2020-06-29 11:30:23', NULL),
(932, '2020-06-29', 677, 4, 400.00, 400.00, 0.00, 1, '2020-06-29 12:29:05', NULL),
(933, '2020-06-29', 713, 4, 150.00, 150.00, 0.00, 1, '2020-06-29 13:06:42', NULL),
(934, '2020-06-29', 174, 10, 200.00, 200.00, 0.00, 1, '2020-06-29 13:20:00', NULL),
(935, '2020-06-30', 174, 5, 50.00, 50.00, 0.00, 1, '2020-06-30 06:37:43', NULL),
(936, '2020-06-30', 174, 5, 550.00, 550.00, 0.00, 1, '2020-06-30 06:53:05', NULL),
(937, '2020-06-30', 174, 22, 500.00, 500.00, 0.00, 1, '2020-06-30 06:58:09', NULL),
(938, '2020-06-30', 174, 22, 650.00, 650.00, 0.00, 1, '2020-06-30 07:04:12', NULL),
(939, '2020-06-30', 714, 5, 1500.00, 1500.00, 0.00, 1, '2020-06-30 07:07:42', NULL),
(940, '2020-06-30', 174, 8, 850.00, 850.00, 0.00, 1, '2020-06-30 07:10:06', NULL),
(941, '2020-06-30', 174, 8, 300.00, 300.00, 0.00, 1, '2020-06-30 07:46:27', NULL),
(942, '2020-06-30', 174, 8, 100.00, 100.00, 0.00, 1, '2020-06-30 08:45:29', NULL),
(943, '2020-06-30', 174, 22, 500.00, 500.00, 0.00, 1, '2020-06-30 09:41:13', NULL),
(944, '2020-06-30', 174, 8, 200.00, 200.00, 0.00, 1, '2020-06-30 10:31:31', NULL),
(945, '2020-07-01', 174, 22, 300.00, 300.00, 0.00, 1, '2020-07-01 04:34:23', NULL),
(946, '2020-07-01', 174, 22, 100.00, 100.00, 0.00, 1, '2020-07-01 05:18:03', NULL),
(947, '2020-07-01', 174, 5, 200.00, 200.00, 0.00, 1, '2020-07-01 05:26:49', NULL),
(948, '2020-07-01', 715, 4, 150.00, 150.00, 0.00, 1, '2020-07-01 05:33:27', NULL),
(949, '2020-07-01', 174, 10, 1000.00, 1000.00, 0.00, 1, '2020-07-01 08:27:30', NULL),
(950, '2020-07-01', 174, 4, 150.00, 150.00, 0.00, 1, '2020-07-01 08:38:16', NULL),
(951, '2020-07-01', 174, 5, 100.00, 100.00, 0.00, 1, '2020-07-01 08:38:44', NULL),
(952, '2020-07-01', 174, 8, 200.00, 200.00, 0.00, 1, '2020-07-01 09:22:54', NULL),
(953, '2020-07-01', 174, 10, 1000.00, 1000.00, 0.00, 1, '2020-07-01 10:10:36', NULL),
(954, '2020-07-01', 704, 4, 1200.00, 1200.00, 0.00, 1, '2020-07-01 11:16:24', NULL),
(955, '2020-07-01', 716, 4, 150.00, 150.00, 0.00, 1, '2020-07-01 11:17:14', NULL),
(956, '2020-07-01', 365, 10, 300.00, 300.00, 0.00, 1, '2020-07-01 11:58:13', NULL),
(957, '2020-07-01', 100, 12, 250.00, 250.00, 0.00, 1, '2020-07-01 12:58:55', NULL),
(958, '2020-07-01', 174, 10, 150.00, 150.00, 0.00, 1, '2020-07-01 13:08:09', NULL),
(959, '2020-07-01', 174, 22, 300.00, 300.00, 0.00, 1, '2020-07-01 14:41:38', NULL),
(960, '2020-07-01', 174, 5, 150.00, 150.00, 0.00, 1, '2020-07-01 14:58:11', NULL),
(961, '2020-07-01', 174, 5, 150.00, 150.00, 0.00, 1, '2020-07-01 14:59:11', NULL),
(962, '2020-07-02', 174, 22, 200.00, 200.00, 0.00, 1, '2020-07-02 05:03:18', NULL),
(963, '2020-07-02', 174, 22, 100.00, 100.00, 0.00, 1, '2020-07-02 05:04:21', NULL),
(964, '2020-07-02', 174, 5, 300.00, 300.00, 0.00, 1, '2020-07-02 05:05:09', NULL),
(965, '2020-07-02', 174, 22, 350.00, 350.00, 0.00, 1, '2020-07-02 05:05:52', NULL),
(966, '2020-07-02', 717, 4, 200.00, 200.00, 0.00, 1, '2020-07-02 06:28:55', NULL),
(967, '2020-07-02', 89, 5, 100.00, 100.00, 0.00, 1, '2020-07-02 07:21:24', NULL),
(968, '2020-07-02', 89, 5, 100.00, 100.00, 0.00, 1, '2020-07-02 07:26:46', NULL),
(969, '2020-07-02', 89, 5, 100.00, 100.00, 0.00, 1, '2020-07-02 07:27:42', NULL),
(970, '2020-07-02', 174, 22, 100.00, 100.00, 0.00, 1, '2020-07-02 07:46:07', NULL),
(971, '2020-07-02', 174, 8, 300.00, 300.00, 0.00, 1, '2020-07-02 07:46:41', NULL),
(972, '2020-07-02', 718, 4, 200.00, 200.00, 0.00, 1, '2020-07-02 12:01:44', NULL),
(973, '2020-07-02', 174, 22, 200.00, 200.00, 0.00, 1, '2020-07-02 13:08:11', NULL),
(974, '2020-07-02', 174, 10, 1250.00, 1250.00, 0.00, 1, '2020-07-02 13:09:14', NULL),
(975, '2020-07-02', 719, 8, 200.00, 200.00, 0.00, 1, '2020-07-02 13:17:30', NULL),
(976, '2020-07-02', 174, 22, 200.00, 200.00, 0.00, 1, '2020-07-02 14:14:51', NULL),
(977, '2020-07-02', 174, 22, 200.00, 200.00, 0.00, 1, '2020-07-02 14:16:02', NULL),
(978, '2020-07-03', 650, 10, 500.00, 500.00, 0.00, 1, '2020-07-03 05:34:05', NULL),
(979, '2020-07-03', 226, 10, 300.00, 300.00, 0.00, 1, '2020-07-03 05:42:19', NULL),
(980, '2020-07-03', 684, 5, 200.00, 200.00, 0.00, 1, '2020-07-03 06:44:18', NULL),
(981, '2020-07-03', 174, 5, 150.00, 150.00, 0.00, 1, '2020-07-03 08:17:42', NULL),
(982, '2020-07-03', 57, 10, 180.00, 180.00, 0.00, 1, '2020-07-03 08:18:56', NULL),
(983, '2020-07-03', 174, 4, 200.00, 200.00, 0.00, 1, '2020-07-03 08:43:35', NULL),
(984, '2020-07-03', 174, 8, 100.00, 100.00, 0.00, 1, '2020-07-03 08:44:05', NULL),
(985, '2020-07-03', 174, 10, 1300.00, 1300.00, 0.00, 1, '2020-07-03 10:50:14', NULL),
(986, '2020-07-03', 594, 12, 200.00, 200.00, 0.00, 1, '2020-07-03 12:35:23', NULL),
(987, '2020-07-03', 174, 5, 300.00, 300.00, 0.00, 1, '2020-07-03 14:30:27', NULL),
(988, '2020-07-03', 174, 4, 150.00, 150.00, 0.00, 1, '2020-07-03 14:31:08', NULL),
(989, '2020-07-03', 174, 5, 150.00, 150.00, 0.00, 1, '2020-07-03 14:31:37', NULL),
(990, '2020-07-04', 174, 10, 700.00, 700.00, 0.00, 1, '2020-07-04 11:46:13', NULL),
(991, '2020-07-05', 174, 5, 900.00, 900.00, 0.00, 1, '2020-07-05 09:18:10', NULL),
(992, '2020-07-06', 174, 5, 1300.00, 1300.00, 0.00, 1, '2020-07-06 04:56:30', NULL),
(993, '2020-07-06', 174, 5, 600.00, 600.00, 0.00, 1, '2020-07-06 04:57:02', NULL),
(994, '2020-07-06', 174, 22, 600.00, 600.00, 0.00, 1, '2020-07-06 04:57:41', NULL),
(995, '2020-07-06', 720, 8, 200.00, 200.00, 0.00, 1, '2020-07-06 05:28:27', NULL),
(996, '2020-07-06', 509, 4, 200.00, 200.00, 0.00, 1, '2020-07-06 05:32:02', NULL),
(997, '2020-07-06', 237, 10, 450.00, 450.00, 0.00, 1, '2020-07-06 06:10:01', NULL),
(998, '2020-07-06', 174, 22, 200.00, 200.00, 0.00, 1, '2020-07-06 07:59:58', NULL),
(999, '2020-07-06', 721, 8, 150.00, 150.00, 0.00, 1, '2020-07-06 08:22:20', NULL),
(1000, '2020-07-06', 722, 8, 150.00, 150.00, 0.00, 1, '2020-07-06 09:51:46', NULL),
(1001, '2020-07-06', 174, 10, 600.00, 600.00, 0.00, 1, '2020-07-06 10:49:16', NULL),
(1002, '2020-07-06', 174, 5, 200.00, 200.00, 0.00, 1, '2020-07-06 11:03:42', NULL),
(1003, '2020-07-06', 174, 8, 150.00, 150.00, 0.00, 1, '2020-07-06 11:04:43', NULL),
(1004, '2020-07-06', 174, 5, 200.00, 200.00, 0.00, 1, '2020-07-06 11:07:12', NULL),
(1005, '2020-07-06', 694, 4, 1100.00, 1100.00, 0.00, 1, '2020-07-06 13:05:47', NULL),
(1006, '2020-07-06', 694, 8, 200.00, 200.00, 0.00, 1, '2020-07-06 13:06:31', NULL),
(1007, '2020-07-06', 174, 10, 200.00, 200.00, 0.00, 1, '2020-07-06 13:24:50', NULL),
(1008, '2020-07-07', 174, 5, 130.00, 130.00, 0.00, 1, '2020-07-07 07:49:06', NULL),
(1009, '2020-07-07', 174, 8, 350.00, 350.00, 0.00, 1, '2020-07-07 09:35:11', NULL),
(1010, '2020-07-08', 237, 5, 150.00, 150.00, 0.00, 1, '2020-07-08 07:14:41', NULL),
(1011, '2020-07-08', 723, 4, 150.00, 150.00, 0.00, 1, '2020-07-08 07:27:45', NULL),
(1012, '2020-07-08', 174, 5, 100.00, 100.00, 0.00, 1, '2020-07-08 07:28:16', NULL),
(1013, '2020-07-08', 724, 5, 250.00, 250.00, 0.00, 1, '2020-07-08 08:21:55', NULL),
(1014, '2020-07-08', 174, 22, 750.00, 750.00, 0.00, 1, '2020-07-08 09:17:13', NULL),
(1015, '2020-07-08', 174, 22, 750.00, 750.00, 0.00, 1, '2020-07-08 09:17:22', NULL),
(1016, '2020-07-08', 174, 22, 750.00, 750.00, 0.00, 1, '2020-07-08 09:18:11', NULL),
(1017, '2020-07-08', 174, 10, 350.00, 350.00, 0.00, 1, '2020-07-08 11:01:28', NULL),
(1018, '2020-07-08', 469, 12, 100.00, 100.00, 0.00, 1, '2020-07-08 11:03:12', NULL),
(1019, '2020-07-08', 174, 12, 2500.00, 2500.00, 0.00, 1, '2020-07-08 12:06:20', NULL),
(1020, '2020-07-08', 174, 10, 250.00, 250.00, 0.00, 1, '2020-07-08 12:17:19', NULL),
(1021, '2020-07-08', 174, 10, 150.00, 150.00, 0.00, 1, '2020-07-08 12:47:00', NULL),
(1022, '2020-07-08', 174, 4, 200.00, 200.00, 0.00, 1, '2020-07-08 13:31:44', NULL),
(1023, '2020-07-08', 174, 22, 100.00, 100.00, 0.00, 1, '2020-07-08 14:41:01', NULL),
(1024, '2020-07-08', 174, 5, 150.00, 150.00, 0.00, 1, '2020-07-08 14:41:31', NULL),
(1025, '2020-07-08', 174, 15, 150.00, 150.00, 0.00, 1, '2020-07-08 14:42:05', NULL),
(1026, '2020-07-09', 174, 5, 100.00, 100.00, 0.00, 1, '2020-07-09 05:18:02', NULL),
(1027, '2020-07-09', 174, 5, 100.00, 100.00, 0.00, 1, '2020-07-09 06:11:30', NULL),
(1028, '2020-07-09', 473, 11, 700.00, 700.00, 0.00, 1, '2020-07-09 09:54:32', NULL),
(1029, '2020-07-09', 725, 4, 550.00, 550.00, 0.00, 1, '2020-07-09 12:21:59', NULL),
(1030, '2020-07-09', 174, 5, 750.00, 750.00, 0.00, 1, '2020-07-09 12:23:09', NULL),
(1031, '2020-07-09', 174, 22, 350.00, 350.00, 0.00, 1, '2020-07-09 12:24:42', NULL),
(1032, '2020-07-09', 174, 10, 200.00, 200.00, 0.00, 1, '2020-07-09 12:47:04', NULL),
(1033, '2020-07-09', 174, 12, 250.00, 250.00, 0.00, 1, '2020-07-09 12:47:46', NULL),
(1034, '2020-07-09', 174, 22, 150.00, 150.00, 0.00, 1, '2020-07-09 13:25:55', NULL),
(1035, '2020-07-09', 273, 10, 300.00, 300.00, 0.00, 1, '2020-07-09 13:32:16', NULL),
(1036, '2020-07-10', 174, 22, 150.00, 150.00, 0.00, 1, '2020-07-10 05:33:45', NULL),
(1037, '2020-07-10', 174, 10, 250.00, 250.00, 0.00, 1, '2020-07-10 06:55:17', NULL),
(1038, '2020-07-10', 174, 10, 150.00, 150.00, 0.00, 1, '2020-07-10 06:56:11', NULL),
(1039, '2020-07-10', 174, 8, 50.00, 50.00, 0.00, 1, '2020-07-10 07:54:34', NULL),
(1040, '2020-07-10', 174, 5, 250.00, 250.00, 0.00, 1, '2020-07-10 07:55:03', NULL),
(1041, '2020-07-10', 174, 4, 150.00, 150.00, 0.00, 1, '2020-07-10 08:12:36', NULL),
(1042, '2020-07-10', 650, 12, 150.00, 150.00, 0.00, 1, '2020-07-10 10:52:00', NULL),
(1043, '2020-07-10', 174, 10, 900.00, 900.00, 0.00, 1, '2020-07-10 12:04:55', NULL),
(1044, '2020-07-10', 365, 10, 700.00, 700.00, 0.00, 1, '2020-07-10 14:11:09', NULL),
(1045, '2020-07-11', 174, 8, 250.00, 250.00, 0.00, 1, '2020-07-11 06:01:15', NULL),
(1046, '2020-07-11', 174, 5, 300.00, 300.00, 0.00, 1, '2020-07-11 06:41:38', NULL),
(1047, '2020-07-11', 174, 5, 300.00, 300.00, 0.00, 1, '2020-07-11 06:41:58', NULL),
(1048, '2020-07-11', 174, 5, 300.00, 300.00, 0.00, 1, '2020-07-11 06:43:14', NULL),
(1049, '2020-07-11', 174, 22, 300.00, 300.00, 0.00, 1, '2020-07-11 06:43:57', NULL),
(1050, '2020-07-11', 174, 8, 200.00, 205.00, 0.00, 1, '2020-07-11 08:17:21', NULL),
(1051, '2020-07-11', 174, 5, 150.00, 150.00, 0.00, 1, '2020-07-11 10:40:55', NULL),
(1052, '2020-07-11', 174, 10, 1400.00, 1400.00, 0.00, 1, '2020-07-11 11:50:28', NULL),
(1053, '2020-07-11', 726, 22, 150.00, 150.00, 0.00, 1, '2020-07-11 14:31:16', NULL),
(1054, '2020-07-11', 174, 8, 150.00, 150.00, 0.00, 1, '2020-07-11 14:32:19', NULL),
(1055, '2020-07-11', 174, 5, 300.00, 300.00, 0.00, 1, '2020-07-11 14:33:31', NULL),
(1056, '2020-07-11', 174, 15, 150.00, 150.00, 0.00, 1, '2020-07-11 14:35:24', NULL),
(1057, '2020-07-11', 174, 4, 400.00, 400.00, 0.00, 1, '2020-07-11 14:37:09', NULL),
(1058, '2020-07-13', 174, 8, 250.00, 250.00, 0.00, 1, '2020-07-13 05:14:35', NULL),
(1059, '2020-07-13', 644, 5, 450.00, 450.00, 0.00, 1, '2020-07-13 05:29:50', NULL),
(1060, '2020-07-13', 36, 4, 150.00, 150.00, 0.00, 1, '2020-07-13 06:35:19', NULL),
(1061, '2020-07-13', 174, 8, 200.00, 200.00, 0.00, 1, '2020-07-13 07:09:52', NULL),
(1062, '2020-07-13', 174, 5, 100.00, 100.00, 0.00, 1, '2020-07-13 07:12:10', NULL),
(1063, '2020-07-13', 727, 4, 200.00, 200.00, 0.00, 1, '2020-07-13 07:34:39', NULL),
(1064, '2020-07-13', 148, 12, 250.00, 250.00, 0.00, 1, '2020-07-13 07:47:37', NULL),
(1065, '2020-07-13', 174, 4, 250.00, 250.00, 0.00, 1, '2020-07-13 10:00:32', NULL),
(1066, '2020-07-13', 174, 5, 250.00, 250.00, 0.00, 1, '2020-07-13 10:01:09', NULL),
(1067, '2020-07-13', 728, 4, 150.00, 150.00, 0.00, 1, '2020-07-13 10:55:04', NULL),
(1068, '2020-07-13', 174, 22, 550.00, 550.00, 0.00, 1, '2020-07-13 11:31:55', NULL),
(1069, '2020-07-13', 729, 4, 150.00, 150.00, 0.00, 1, '2020-07-13 11:53:56', NULL),
(1070, '2020-07-13', 730, 12, 100.00, 100.00, 0.00, 1, '2020-07-13 11:55:40', NULL),
(1071, '2020-07-13', 174, 22, 200.00, 200.00, 0.00, 1, '2020-07-13 13:18:48', NULL),
(1072, '2020-07-13', 174, 4, 200.00, 200.00, 0.00, 1, '2020-07-13 14:22:52', NULL),
(1073, '2020-07-13', 174, 12, 100.00, 100.00, 0.00, 1, '2020-07-13 14:23:34', NULL),
(1074, '2020-07-15', 174, 5, 1200.00, 1200.00, 0.00, 1, '2020-07-15 05:53:23', NULL),
(1075, '2020-07-15', 98, 5, 300.00, 300.00, 0.00, 1, '2020-07-15 06:28:55', NULL),
(1076, '2020-07-15', 174, 10, 500.00, 500.00, 0.00, 1, '2020-07-15 07:20:27', NULL),
(1077, '2020-07-15', 174, 4, 200.00, 200.00, 0.00, 1, '2020-07-15 09:26:42', NULL),
(1078, '2020-07-15', 174, 5, 200.00, 200.00, 0.00, 1, '2020-07-15 09:27:15', NULL),
(1079, '2020-07-15', 174, 8, 300.00, 300.00, 0.00, 1, '2020-07-15 09:27:46', NULL),
(1080, '2020-07-15', 174, 8, 200.00, 200.00, 0.00, 1, '2020-07-15 10:25:39', NULL),
(1081, '2020-07-15', 174, 12, 400.00, 400.00, 0.00, 1, '2020-07-15 10:56:04', NULL),
(1082, '2020-07-15', 174, 12, 3000.00, 3000.00, 0.00, 1, '2020-07-15 10:56:48', NULL),
(1083, '2020-07-15', 7, 10, 200.00, 200.00, 0.00, 1, '2020-07-15 10:57:47', NULL),
(1084, '2020-07-15', 174, 10, 200.00, 200.00, 0.00, 1, '2020-07-15 11:18:42', NULL),
(1085, '2020-07-15', 174, 10, 200.00, 200.00, 0.00, 1, '2020-07-15 11:48:53', NULL),
(1086, '2020-07-15', 174, 11, 1300.00, 1300.00, 0.00, 1, '2020-07-15 12:07:04', NULL),
(1087, '2020-07-15', 174, 10, 250.00, 250.00, 0.00, 1, '2020-07-15 14:34:13', NULL),
(1088, '2020-07-16', 174, 4, 200.00, 200.00, 0.00, 1, '2020-07-16 06:03:16', NULL),
(1089, '2020-07-16', 174, 22, 200.00, 200.00, 0.00, 1, '2020-07-16 06:04:01', NULL),
(1090, '2020-07-16', 174, 8, 200.00, 200.00, 0.00, 1, '2020-07-16 09:13:48', NULL),
(1091, '2020-07-16', 174, 10, 500.00, 500.00, 0.00, 1, '2020-07-16 11:59:03', NULL),
(1092, '2020-07-17', 174, 5, 250.00, 250.00, 0.00, 1, '2020-07-17 06:12:43', NULL),
(1093, '2020-07-17', 174, 22, 150.00, 150.00, 0.00, 1, '2020-07-17 06:13:17', NULL),
(1094, '2020-07-17', 731, 4, 200.00, 200.00, 0.00, 1, '2020-07-17 07:16:17', NULL),
(1095, '2020-07-17', 174, 4, 150.00, 150.00, 0.00, 1, '2020-07-17 12:12:54', NULL),
(1096, '2020-07-17', 174, 10, 2200.00, 2200.00, 0.00, 1, '2020-07-17 12:27:42', NULL),
(1097, '2020-07-17', 732, 12, 200.00, 200.00, 0.00, 1, '2020-07-17 12:28:56', NULL),
(1098, '2020-07-17', 174, 22, 500.00, 500.00, 0.00, 1, '2020-07-17 13:46:36', NULL),
(1099, '2020-07-18', 174, 22, 150.00, 150.00, 0.00, 1, '2020-07-18 05:19:11', NULL),
(1100, '2020-07-18', 174, 4, 200.00, 200.00, 0.00, 1, '2020-07-18 05:50:55', NULL),
(1101, '2020-07-18', 733, 4, 200.00, 200.00, 0.00, 1, '2020-07-18 07:46:28', NULL),
(1102, '2020-07-18', 174, 8, 200.00, 200.00, 0.00, 1, '2020-07-18 10:01:04', NULL),
(1103, '2020-07-18', 174, 5, 200.00, 200.00, 0.00, 1, '2020-07-18 13:05:54', NULL),
(1104, '2020-07-18', 174, 10, 350.00, 350.00, 0.00, 1, '2020-07-18 13:06:49', NULL),
(1105, '2020-07-18', 174, 4, 150.00, 150.00, 0.00, 1, '2020-07-18 14:18:28', NULL),
(1106, '2020-07-20', 734, 22, 850.00, 850.00, 0.00, 1, '2020-07-20 05:38:08', NULL),
(1107, '2020-07-20', 174, 8, 200.00, 200.00, 0.00, 1, '2020-07-20 05:39:09', NULL),
(1108, '2020-07-20', 174, 22, 200.00, 200.00, 0.00, 1, '2020-07-20 05:40:22', NULL),
(1109, '2020-07-20', 4, 5, 500.00, 500.00, 0.00, 1, '2020-07-20 06:11:22', NULL),
(1110, '2020-07-20', 622, 4, 200.00, 200.00, 0.00, 1, '2020-07-20 06:13:37', NULL),
(1111, '2020-07-20', 735, 4, 200.00, 200.00, 0.00, 1, '2020-07-20 11:21:55', NULL),
(1112, '2020-07-20', 174, 10, 550.00, 550.00, 0.00, 1, '2020-07-20 11:24:21', NULL),
(1113, '2020-07-20', 270, 4, 300.00, 300.00, 0.00, 1, '2020-07-20 13:35:03', NULL),
(1114, '2020-07-20', 401, 5, 200.00, 200.00, 0.00, 1, '2020-07-20 14:24:03', NULL),
(1115, '2020-07-20', 736, 8, 300.00, 300.00, 0.00, 1, '2020-07-20 14:26:04', NULL),
(1116, '2020-07-20', 737, 22, 100.00, 100.00, 0.00, 1, '2020-07-20 14:28:15', NULL),
(1117, '2020-07-20', 174, 5, 600.00, 600.00, 0.00, 1, '2020-07-20 15:39:25', NULL),
(1118, '2020-07-20', 174, 4, 600.00, 600.00, 0.00, 1, '2020-07-20 15:40:08', NULL),
(1119, '2020-07-20', 174, 22, 400.00, 400.00, 0.00, 1, '2020-07-20 15:40:56', NULL),
(1120, '2020-07-20', 174, 8, 500.00, 500.00, 0.00, 1, '2020-07-20 15:41:33', NULL),
(1121, '2020-07-21', 174, 5, 200.00, 200.00, 0.00, 1, '2020-07-21 07:32:15', NULL),
(1122, '2020-07-21', 174, 22, 200.00, 200.00, 0.00, 1, '2020-07-21 08:03:52', NULL),
(1123, '2020-07-22', 114, 12, 5000.00, 5000.00, 0.00, 1, '2020-07-22 05:08:48', NULL),
(1124, '2020-07-22', 174, 5, 300.00, 300.00, 0.00, 1, '2020-07-22 05:09:23', NULL),
(1125, '2020-07-22', 174, 8, 200.00, 200.00, 0.00, 1, '2020-07-22 05:12:02', NULL),
(1126, '2020-07-22', 174, 5, 300.00, 300.00, 0.00, 1, '2020-07-22 06:13:49', NULL),
(1127, '2020-07-22', 707, 4, 200.00, 200.00, 0.00, 1, '2020-07-22 06:36:25', NULL),
(1128, '2020-07-22', 174, 22, 50.00, 50.00, 0.00, 1, '2020-07-22 07:00:55', NULL),
(1129, '2020-07-22', 174, 4, 200.00, 200.00, 0.00, 1, '2020-07-22 07:23:25', NULL),
(1130, '2020-07-22', 174, 5, 200.00, 200.00, 0.00, 1, '2020-07-22 07:24:13', NULL),
(1131, '2020-07-22', 738, 4, 200.00, 200.00, 0.00, 1, '2020-07-22 08:19:52', NULL),
(1132, '2020-07-22', 174, 8, 150.00, 150.00, 0.00, 1, '2020-07-22 09:10:46', NULL),
(1133, '2020-07-22', 739, 22, 200.00, 200.00, 0.00, 1, '2020-07-22 10:21:38', NULL),
(1134, '2020-07-22', 174, 10, 200.00, 200.00, 0.00, 1, '2020-07-22 10:55:31', NULL),
(1135, '2020-07-22', 174, 10, 250.00, 250.00, 0.00, 1, '2020-07-22 12:49:09', NULL),
(1136, '2020-07-22', 174, 10, 100.00, 100.00, 0.00, 1, '2020-07-22 13:39:00', NULL),
(1137, '2020-07-22', 174, 4, 200.00, 200.00, 0.00, 1, '2020-07-22 14:31:06', NULL),
(1138, '2020-07-22', 114, 12, 3500.00, 3500.00, 0.00, 1, '2020-07-22 14:32:07', NULL),
(1139, '2020-07-22', 174, 5, 400.00, 400.00, 0.00, 1, '2020-07-22 14:32:54', NULL),
(1140, '2020-07-23', 174, 5, 250.00, 250.00, 0.00, 1, '2020-07-23 06:43:47', NULL),
(1141, '2020-07-23', 174, 15, 150.00, 150.00, 0.00, 1, '2020-07-23 06:44:38', NULL),
(1142, '2020-07-23', 98, 4, 800.00, 800.00, 0.00, 1, '2020-07-23 06:47:46', NULL),
(1143, '2020-07-23', 174, 22, 100.00, 100.00, 0.00, 1, '2020-07-23 09:11:43', NULL),
(1144, '2020-07-23', 4, 4, 250.00, 250.00, 0.00, 1, '2020-07-23 09:12:53', NULL),
(1145, '2020-07-23', 174, 10, 500.00, 500.00, 0.00, 1, '2020-07-23 12:34:43', NULL),
(1146, '2020-07-23', 87, 10, 100.00, 100.00, 0.00, 1, '2020-07-23 12:35:22', NULL),
(1147, '2020-07-23', 174, 10, 300.00, 300.00, 0.00, 1, '2020-07-23 14:40:52', NULL),
(1148, '2020-07-24', 174, 8, 150.00, 150.00, 0.00, 1, '2020-07-24 05:45:25', NULL),
(1149, '2020-07-24', 644, 5, 100.00, 100.00, 0.00, 1, '2020-07-24 05:46:06', NULL),
(1150, '2020-07-24', 109, 8, 150.00, 150.00, 0.00, 1, '2020-07-24 08:06:01', NULL),
(1151, '2020-07-24', 109, 5, 100.00, 100.00, 0.00, 1, '2020-07-24 08:06:38', NULL),
(1152, '2020-07-24', 174, 4, 150.00, 150.00, 0.00, 1, '2020-07-24 08:39:42', NULL),
(1153, '2020-07-24', 174, 8, 150.00, 150.00, 0.00, 1, '2020-07-24 09:18:03', NULL),
(1154, '2020-07-24', 174, 22, 200.00, 200.00, 0.00, 1, '2020-07-24 10:10:47', NULL),
(1155, '2020-07-24', 174, 8, 150.00, 150.00, 0.00, 1, '2020-07-24 10:11:16', NULL),
(1156, '2020-07-24', 174, 5, 250.00, 250.00, 0.00, 1, '2020-07-24 10:17:44', NULL),
(1157, '2020-07-24', 518, 4, 200.00, 200.00, 0.00, 1, '2020-07-24 12:48:46', NULL),
(1158, '2020-07-24', 174, 10, 670.00, 670.00, 0.00, 1, '2020-07-24 13:05:42', NULL),
(1159, '2020-07-24', 174, 4, 100.00, 100.00, 0.00, 1, '2020-07-24 14:30:19', NULL),
(1160, '2020-07-25', 174, 4, 150.00, 150.00, 0.00, 1, '2020-07-25 11:33:10', NULL),
(1161, '2020-07-25', 740, 8, 150.00, 150.00, 0.00, 1, '2020-07-25 11:34:23', NULL),
(1162, '2020-07-25', 684, 5, 1000.00, 1000.00, 0.00, 1, '2020-07-25 11:36:11', NULL),
(1163, '2020-07-25', 521, 4, 50.00, 50.00, 0.00, 1, '2020-07-25 12:02:13', NULL),
(1164, '2020-07-25', 174, 10, 250.00, 250.00, 0.00, 1, '2020-07-25 12:50:43', NULL),
(1165, '2020-07-25', 174, 10, 550.00, 550.00, 0.00, 1, '2020-07-25 12:51:43', NULL),
(1166, '2020-07-25', 93, 10, 1200.00, 1200.00, 0.00, 1, '2020-07-25 13:02:39', NULL),
(1167, '2020-07-25', 174, 8, 150.00, 150.00, 0.00, 1, '2020-07-25 13:14:15', NULL),
(1168, '2020-07-25', 174, 8, 200.00, 200.00, 0.00, 1, '2020-07-25 13:17:07', NULL),
(1169, '2020-07-25', 365, 10, 400.00, 400.00, 0.00, 1, '2020-07-25 14:09:16', NULL),
(1170, '2020-07-25', 566, 10, 200.00, 200.00, 0.00, 1, '2020-07-25 14:46:10', NULL),
(1171, '2020-07-25', 174, 12, 230.00, 230.00, 0.00, 1, '2020-07-25 14:49:54', NULL),
(1172, '2020-07-27', 51, 4, 1000.00, 1000.00, 0.00, 1, '2020-07-27 05:13:33', NULL),
(1173, '2020-07-27', 174, 5, 800.00, 800.00, 0.00, 1, '2020-07-27 05:14:57', NULL),
(1174, '2020-07-27', 174, 8, 1000.00, 1000.00, 0.00, 1, '2020-07-27 07:25:33', NULL),
(1175, '2020-07-27', 174, 22, 250.00, 250.00, 0.00, 1, '2020-07-27 07:26:53', NULL),
(1176, '2020-07-27', 174, 22, 700.00, 700.00, 0.00, 1, '2020-07-27 07:27:34', NULL),
(1177, '2020-07-27', 174, 10, 750.00, 750.00, 0.00, 1, '2020-07-27 11:23:08', NULL),
(1178, '2020-07-27', 174, 10, 150.00, 150.00, 0.00, 1, '2020-07-27 11:42:26', NULL),
(1179, '2020-07-27', 657, 11, 1800.00, 1800.00, 0.00, 1, '2020-07-27 12:35:06', NULL),
(1180, '2020-07-27', 174, 12, 2500.00, 2500.00, 0.00, 1, '2020-07-27 12:47:43', NULL),
(1181, '2020-07-27', 736, 22, 1250.00, 1250.00, 0.00, 1, '2020-07-27 14:40:14', NULL),
(1182, '2020-07-27', 736, 8, 450.00, 450.00, 0.00, 1, '2020-07-27 14:41:19', NULL),
(1183, '2020-07-27', 174, 5, 600.00, 600.00, 0.00, 1, '2020-07-27 14:42:56', NULL),
(1184, '2020-07-27', 582, 4, 1500.00, 1500.00, 0.00, 1, '2020-07-27 15:16:26', NULL),
(1185, '2020-07-27', 582, 12, 500.00, 500.00, 0.00, 1, '2020-07-27 15:17:44', NULL),
(1186, '2020-07-28', 174, 5, 150.00, 150.00, 0.00, 1, '2020-07-28 06:48:29', NULL),
(1187, '2020-07-28', 736, 22, 250.00, 250.00, 0.00, 1, '2020-07-28 06:50:01', NULL),
(1188, '2020-07-28', 174, 8, 450.00, 450.00, 0.00, 1, '2020-07-28 06:50:56', NULL),
(1189, '2020-07-28', 174, 22, 1000.00, 1000.00, 0.00, 1, '2020-07-28 06:52:04', NULL),
(1190, '2020-07-28', 174, 22, 200.00, 200.00, 0.00, 1, '2020-07-28 06:53:44', NULL),
(1191, '2020-07-29', 174, 22, 350.00, 350.00, 0.00, 1, '2020-07-29 05:40:51', NULL),
(1192, '2020-07-29', 651, 5, 200.00, 200.00, 0.00, 1, '2020-07-29 05:42:09', NULL),
(1193, '2020-07-29', 174, 4, 200.00, 200.00, 0.00, 1, '2020-07-29 07:21:34', NULL),
(1194, '2020-07-29', 703, 5, 100.00, 100.00, 0.00, 1, '2020-07-29 07:26:26', NULL),
(1195, '2020-07-29', 665, 4, 300.00, 300.00, 0.00, 1, '2020-07-29 09:35:21', NULL),
(1196, '2020-07-29', 141, 4, 350.00, 350.00, 0.00, 1, '2020-07-29 10:42:05', NULL),
(1197, '2020-07-29', 735, 4, 50.00, 50.00, 0.00, 1, '2020-07-29 11:09:47', NULL),
(1198, '2020-07-29', 174, 10, 300.00, 300.00, 0.00, 1, '2020-07-29 11:50:39', NULL),
(1199, '2020-07-29', 174, 12, 100.00, 100.00, 0.00, 1, '2020-07-29 11:52:33', NULL),
(1200, '2020-07-29', 174, 12, 150.00, 150.00, 0.00, 1, '2020-07-29 12:06:53', NULL),
(1201, '2020-07-29', 174, 10, 200.00, 200.00, 0.00, 1, '2020-07-29 12:15:39', NULL),
(1202, '2020-07-29', 174, 10, 150.00, 150.00, 0.00, 1, '2020-07-29 12:55:50', NULL),
(1203, '2020-07-29', 174, 12, 200.00, 200.00, 0.00, 1, '2020-07-29 14:28:12', NULL),
(1204, '2020-07-29', 174, 12, 1700.00, 1700.00, 0.00, 1, '2020-07-29 14:44:56', NULL),
(1205, '2020-07-29', 234, 10, 1200.00, 1200.00, 0.00, 1, '2020-07-29 15:07:49', NULL),
(1206, '2020-07-27', 473, 11, 2500.00, 2500.00, 0.00, 1, '2020-07-30 05:19:59', NULL),
(1207, '2020-07-21', 237, 11, 3000.00, 3003.00, 0.00, 1, '2020-07-30 05:21:30', NULL),
(1208, '2020-07-30', 237, 5, 200.00, 200.00, 0.00, 1, '2020-07-30 10:08:55', NULL),
(1209, '2020-07-30', 174, 8, 100.00, 100.00, 0.00, 1, '2020-07-30 10:26:00', NULL),
(1210, '2020-07-30', 174, 10, 150.00, 150.00, 0.00, 1, '2020-07-30 11:54:24', NULL),
(1211, '2020-07-30', 4, 22, 200.00, 200.00, 0.00, 1, '2020-07-30 12:48:05', NULL),
(1212, '2020-07-30', 174, 10, 600.00, 600.00, 0.00, 1, '2020-07-30 12:49:03', NULL),
(1213, '2020-07-31', 174, 10, 150.00, 150.00, 0.00, 1, '2020-07-31 04:57:32', NULL),
(1214, '2020-07-31', 174, 5, 200.00, 200.00, 0.00, 1, '2020-07-31 05:11:14', NULL),
(1215, '2020-07-31', 741, 4, 400.00, 400.00, 0.00, 1, '2020-07-31 06:04:15', NULL),
(1216, '2020-07-31', 742, 22, 400.00, 400.00, 0.00, 1, '2020-07-31 06:06:20', NULL),
(1217, '2020-07-31', 651, 5, 200.00, 200.00, 0.00, 1, '2020-07-31 07:40:25', NULL),
(1218, '2020-07-31', 701, 5, 200.00, 200.00, 0.00, 1, '2020-07-31 08:10:20', NULL),
(1219, '2020-07-31', 701, 5, 200.00, 200.00, 0.00, 1, '2020-07-31 09:50:23', NULL),
(1221, '2020-07-31', 174, 10, 950.00, 950.00, 0.00, 1, '2020-07-31 10:27:12', NULL),
(1222, '2020-07-31', 174, 10, 950.00, 950.00, 0.00, 1, '2020-07-31 10:27:49', NULL),
(1223, '2020-07-31', 174, 12, 100.00, 100.00, 0.00, 1, '2020-07-31 11:01:37', NULL),
(1224, '2020-07-31', 174, 5, 100.00, 100.00, 0.00, 1, '2020-07-31 12:09:45', NULL),
(1225, '2020-07-31', 743, 22, 250.00, 250.00, 0.00, 1, '2020-07-31 12:11:56', NULL),
(1226, '2020-07-31', 744, 8, 150.00, 150.00, 0.00, 1, '2020-07-31 12:14:18', NULL),
(1227, '2020-07-31', 174, 11, 500.00, 500.00, 0.00, 1, '2020-07-31 12:43:42', NULL),
(1228, '2020-07-31', 174, 5, 1000.00, 1000.00, 0.00, 1, '2020-07-31 12:51:27', NULL),
(1229, '2020-07-31', 174, 8, 150.00, 150.00, 0.00, 1, '2020-07-31 12:52:20', NULL),
(1230, '2020-07-31', 174, 11, 150.00, 150.00, 0.00, 1, '2020-07-31 14:01:37', NULL),
(1231, '2020-07-31', 164, 4, 250.00, 250.00, 0.00, 1, '2020-07-31 14:18:45', NULL),
(1232, '2020-08-01', 174, 4, 200.00, 200.00, 0.00, 1, '2020-08-01 07:22:24', NULL),
(1233, '2020-08-01', 174, 5, 100.00, 100.00, 0.00, 1, '2020-08-01 09:38:38', NULL),
(1234, '2020-08-01', 174, 5, 100.00, 100.00, 0.00, 1, '2020-08-01 09:38:39', NULL),
(1235, '2020-08-01', 174, 10, 100.00, 100.00, 0.00, 1, '2020-08-01 10:27:14', NULL),
(1236, '2020-08-01', 174, 10, 1400.00, 1400.00, 0.00, 1, '2020-08-01 10:36:23', NULL),
(1237, '2020-08-01', 174, 11, 1000.00, 1000.00, 0.00, 1, '2020-08-01 10:38:05', NULL),
(1238, '2020-08-01', 174, 12, 100.00, 100.00, 0.00, 1, '2020-08-01 13:30:12', NULL);
INSERT INTO `transactions` (`transaction_id`, `transaction_date`, `customer_id`, `employee_id`, `total_amount`, `paid`, `balance`, `entered_by`, `created_at`, `updated_at`) VALUES
(1239, '2020-08-01', 174, 4, 50.00, 50.00, 0.00, 1, '2020-08-01 13:53:14', NULL),
(1240, '2020-08-01', 270, 4, 200.00, 200.00, 0.00, 1, '2020-08-01 14:52:43', NULL),
(1241, '2020-08-01', 174, 4, 50.00, 50.00, 0.00, 1, '2020-08-01 14:53:08', NULL),
(1242, '2020-08-02', 174, 17, 600.00, 598.00, 0.00, 1, '2020-08-02 06:28:51', NULL),
(1243, '2020-08-02', 474, 11, 800.00, 800.00, 0.00, 1, '2020-08-02 07:24:05', NULL),
(1244, '2020-08-05', 174, 10, 300.00, 300.00, 0.00, 1, '2020-08-05 07:20:59', NULL),
(1245, '2020-08-05', 174, 10, 250.00, 250.00, 0.00, 1, '2020-08-05 07:22:47', NULL),
(1246, '2020-08-05', 174, 10, 500.00, 500.00, 0.00, 1, '2020-08-05 07:57:23', NULL),
(1247, '2020-08-05', 174, 4, 100.00, 100.00, 0.00, 1, '2020-08-05 11:44:29', NULL),
(1248, '2020-08-05', 174, 4, 550.00, 550.00, 0.00, 1, '2020-08-05 11:47:00', NULL),
(1249, '2020-08-06', 174, 4, 1700.00, 1700.00, 0.00, 1, '2020-08-07 10:49:59', NULL),
(1250, '2020-08-07', 174, 4, 1200.00, 1200.00, 0.00, 1, '2020-08-07 10:50:56', NULL),
(1251, '2020-08-06', 174, 22, 950.00, 950.00, 0.00, 1, '2020-08-07 11:02:10', NULL),
(1252, '2020-08-10', 174, 10, 250.00, 250.00, 0.00, 1, '2020-08-10 08:27:10', NULL),
(1253, '2020-08-09', 174, 10, 1100.00, 1100.00, 0.00, 1, '2020-08-10 08:28:45', NULL),
(1254, '2020-08-08', 473, 11, 300.00, 300.00, 0.00, 1, '2020-08-10 08:31:24', NULL),
(1255, '2020-08-13', 174, 11, 300.00, 300.00, 0.00, 1, '2020-08-13 06:35:11', NULL),
(1256, '2020-08-12', 237, 11, 300.00, 300.00, 0.00, 1, '2020-08-13 06:36:06', NULL);

-- --------------------------------------------------------

--
-- Table structure for table `users`
--

CREATE TABLE `users` (
  `id` bigint(20) UNSIGNED NOT NULL,
  `name` varchar(255) COLLATE utf8mb4_unicode_ci NOT NULL,
  `email` varchar(255) COLLATE utf8mb4_unicode_ci NOT NULL,
  `email_verified_at` timestamp NULL DEFAULT NULL,
  `password` varchar(255) COLLATE utf8mb4_unicode_ci NOT NULL,
  `remember_token` varchar(100) COLLATE utf8mb4_unicode_ci DEFAULT NULL,
  `created_at` timestamp NULL DEFAULT NULL,
  `updated_at` timestamp NULL DEFAULT NULL
) ENGINE=InnoDB DEFAULT CHARSET=utf8mb4 COLLATE=utf8mb4_unicode_ci;

--
-- Dumping data for table `users`
--

INSERT INTO `users` (`id`, `name`, `email`, `email_verified_at`, `password`, `remember_token`, `created_at`, `updated_at`) VALUES
(1, 'administrator', 'anuinfotech2009@gmail.com', NULL, '$2y$10$qBIudxdq1vIE6oLCY8JXKuqjTJR4z7OI6hgd706TFcmlyNXC58L1i', 'EzIoBBRtJx3GCPKnCO9rf2uYORKfk4QhqHVOuATBw2a5H7WmEsD3hdfVOH6s', '2020-01-27 10:06:41', '2020-01-27 10:06:41');

--
-- Indexes for dumped tables
--

--
-- Indexes for table `customers`
--
ALTER TABLE `customers`
  ADD PRIMARY KEY (`customer_id`);

--
-- Indexes for table `employees`
--
ALTER TABLE `employees`
  ADD PRIMARY KEY (`employee_id`);

--
-- Indexes for table `failed_jobs`
--
ALTER TABLE `failed_jobs`
  ADD PRIMARY KEY (`id`);

--
-- Indexes for table `items`
--
ALTER TABLE `items`
  ADD PRIMARY KEY (`item_id`);

--
-- Indexes for table `material_details`
--
ALTER TABLE `material_details`
  ADD PRIMARY KEY (`material_detail_id`),
  ADD KEY `material_details_transaction_id_foreign` (`transaction_id`),
  ADD KEY `material_details_item_id_foreign` (`item_id`);

--
-- Indexes for table `migrations`
--
ALTER TABLE `migrations`
  ADD PRIMARY KEY (`id`);

--
-- Indexes for table `password_resets`
--
ALTER TABLE `password_resets`
  ADD KEY `password_resets_email_index` (`email`(191));

--
-- Indexes for table `services`
--
ALTER TABLE `services`
  ADD PRIMARY KEY (`service_id`),
  ADD KEY `services_category_id_foreign` (`category_id`);

--
-- Indexes for table `service_categories`
--
ALTER TABLE `service_categories`
  ADD PRIMARY KEY (`category_id`);

--
-- Indexes for table `service_details`
--
ALTER TABLE `service_details`
  ADD PRIMARY KEY (`service_detail_id`),
  ADD KEY `service_details_transaction_id_foreign` (`transaction_id`),
  ADD KEY `service_details_service_id_foreign` (`service_id`);

--
-- Indexes for table `transactions`
--
ALTER TABLE `transactions`
  ADD PRIMARY KEY (`transaction_id`),
  ADD KEY `transactions_customer_id_foreign` (`customer_id`),
  ADD KEY `transactions_employee_id_foreign` (`employee_id`);

--
-- Indexes for table `users`
--
ALTER TABLE `users`
  ADD PRIMARY KEY (`id`);

--
-- AUTO_INCREMENT for dumped tables
--

--
-- AUTO_INCREMENT for table `customers`
--
ALTER TABLE `customers`
  MODIFY `customer_id` bigint(20) UNSIGNED NOT NULL AUTO_INCREMENT, AUTO_INCREMENT=745;

--
-- AUTO_INCREMENT for table `employees`
--
ALTER TABLE `employees`
  MODIFY `employee_id` bigint(20) UNSIGNED NOT NULL AUTO_INCREMENT, AUTO_INCREMENT=23;

--
-- AUTO_INCREMENT for table `failed_jobs`
--
ALTER TABLE `failed_jobs`
  MODIFY `id` bigint(20) UNSIGNED NOT NULL AUTO_INCREMENT;

--
-- AUTO_INCREMENT for table `items`
--
ALTER TABLE `items`
  MODIFY `item_id` bigint(20) UNSIGNED NOT NULL AUTO_INCREMENT, AUTO_INCREMENT=8;

--
-- AUTO_INCREMENT for table `material_details`
--
ALTER TABLE `material_details`
  MODIFY `material_detail_id` bigint(20) UNSIGNED NOT NULL AUTO_INCREMENT, AUTO_INCREMENT=1274;

--
-- AUTO_INCREMENT for table `migrations`
--
ALTER TABLE `migrations`
  MODIFY `id` int(10) UNSIGNED NOT NULL AUTO_INCREMENT, AUTO_INCREMENT=14;

--
-- AUTO_INCREMENT for table `services`
--
ALTER TABLE `services`
  MODIFY `service_id` bigint(20) UNSIGNED NOT NULL AUTO_INCREMENT, AUTO_INCREMENT=17;

--
-- AUTO_INCREMENT for table `service_categories`
--
ALTER TABLE `service_categories`
  MODIFY `category_id` bigint(20) UNSIGNED NOT NULL AUTO_INCREMENT, AUTO_INCREMENT=14;

--
-- AUTO_INCREMENT for table `service_details`
--
ALTER TABLE `service_details`
  MODIFY `service_detail_id` bigint(20) UNSIGNED NOT NULL AUTO_INCREMENT, AUTO_INCREMENT=1303;

--
-- AUTO_INCREMENT for table `transactions`
--
ALTER TABLE `transactions`
  MODIFY `transaction_id` bigint(20) UNSIGNED NOT NULL AUTO_INCREMENT, AUTO_INCREMENT=1257;

--
-- AUTO_INCREMENT for table `users`
--
ALTER TABLE `users`
  MODIFY `id` bigint(20) UNSIGNED NOT NULL AUTO_INCREMENT, AUTO_INCREMENT=2;

--
-- Constraints for dumped tables
--

--
-- Constraints for table `material_details`
--
ALTER TABLE `material_details`
  ADD CONSTRAINT `material_details_item_id_foreign` FOREIGN KEY (`item_id`) REFERENCES `items` (`item_id`) ON DELETE SET NULL,
  ADD CONSTRAINT `material_details_transaction_id_foreign` FOREIGN KEY (`transaction_id`) REFERENCES `transactions` (`transaction_id`) ON DELETE CASCADE;

--
-- Constraints for table `services`
--
ALTER TABLE `services`
  ADD CONSTRAINT `services_category_id_foreign` FOREIGN KEY (`category_id`) REFERENCES `service_categories` (`category_id`) ON DELETE CASCADE;

--
-- Constraints for table `service_details`
--
ALTER TABLE `service_details`
  ADD CONSTRAINT `service_details_service_id_foreign` FOREIGN KEY (`service_id`) REFERENCES `services` (`service_id`) ON DELETE SET NULL,
  ADD CONSTRAINT `service_details_transaction_id_foreign` FOREIGN KEY (`transaction_id`) REFERENCES `transactions` (`transaction_id`) ON DELETE CASCADE;

--
-- Constraints for table `transactions`
--
ALTER TABLE `transactions`
  ADD CONSTRAINT `transactions_customer_id_foreign` FOREIGN KEY (`customer_id`) REFERENCES `customers` (`customer_id`) ON DELETE CASCADE,
  ADD CONSTRAINT `transactions_employee_id_foreign` FOREIGN KEY (`employee_id`) REFERENCES `employees` (`employee_id`) ON DELETE SET NULL;
COMMIT;

/*!40101 SET CHARACTER_SET_CLIENT=@OLD_CHARACTER_SET_CLIENT */;
/*!40101 SET CHARACTER_SET_RESULTS=@OLD_CHARACTER_SET_RESULTS */;
/*!40101 SET COLLATION_CONNECTION=@OLD_COLLATION_CONNECTION */;
